author,date,introduce,location,price,review,star

吴军, /2016-05-01,《浪潮之巅》首版自出版以来，在业界获得了巨大反响。信息产业发展瞬息万变，在《浪潮之巅》首版上市的五年后， IT 行业也发生了很大的变化，吴军博士继续娓娓道来，与您聊聊这些年里，IT界的这些事。 这不是一本科技产业发展历史集，而是在这个数字时代，一本IT人非读不可，而非IT人也应该拜读的作品。 《浪潮之巅 第三版》是一本介绍互联网及IT行业兴衰变化的书，书中的内容由吴军博士发表在Google黑板报上，历经多次改写和重构。近一百多年来，总有一些公司很幸运地、有意识或无意识地站在技术革命的浪尖之上。在这十几年间，它们代表着科技的浪潮，直到下一波浪潮的来临。从一百年前算起，AT T 公司、IBM 公司、苹果公司、英特尔公司、微软公司、思科公司、雅虎公司和Google公司都先后被幸运地推到了浪尖。虽然，它们来自不同,人民邮电出版社,¥95.00,25479条评论,width: 90%;

吴军, /2016-01-01,"1. 仔细分析了硅谷的起源和发展，对硅谷的创新力进行了深刻剖析，还原硅谷成功的真相,探求背后的科学基础，揭示为什么硅谷难以复制 2. 《浪潮之巅》姊妹篇，吴军博士回归IT之作，内容上是对《浪潮之巅》的更新和补充，并在理论高度上更上一个台阶 3. 作者吴军，之前出版的《数学之美》、《浪潮之巅》、《文明之光》系列、《大学之路》影响深远，拥有极高的网络人气和读者。 4. 创新工场李开复作长篇序力荐，重磅介绍为什么硅谷难以复制！颠覆了人们对硅谷的一般性认识！",人民邮电出版社,¥55.90,10883条评论,width: 100%;

Marty, /2018-02-15,如何打造用户喜爱的产品？ 无论是产品经理，还是产品设计师；无论是蓄势待发的创业型公司，还是一筹莫展的大企业，大家都在思考这个问题。 怎样打造用户喜爱的产品？ 好产品具备三个基本条件：价值、可用性、可行性，三者缺一不可。 如何挑选有潜力的产品？ 如何证明产品设计符合用户需求？ 如何确认产品设计满足三个基本条件？ 如何运用敏捷方法管理产品？ 如何协调公司高管、客户、营销人员、开发人员、设计师的要求和意见？ Marty Cagan总结20余年软件产品管理经验，直指产品研发流程存在的弊病，为产品经理答疑解惑、指点迷津。,华中科技大学出版社,¥34.40,1639条评论,width: 100%;

格雷厄姆, /2011-04-01,世界上**个互联网应用程序Viaweb开发者 举世公认的互联网创业权威Paul Graham的文集！ Paul Graham带领我们探究黑客的世界，了解黑客的爱好和动机 Paul Graham旁征博引历史事件，妙笔生花 《黑客与画家》从书名我们都能看出书中的内容并不深奥，作者**的目的就是，通过这本书让普通读者理解我们所处的这个计算机时代，揭示它的发展轨迹，帮助你看清我们现在的位置和将来的方向。,人民邮电出版社,¥33.80,10327条评论,width: 90%;

麻省理工科技评论, /2017-01-01,创刊 116 年的《麻省理工科技评论》携手*倾力贡献首部中文图书 剖析 21 世纪极具突破性的技术，被硅谷亿万富豪、美国总统、前纽约市长等几乎所有人所疯狂追捧 50 个正在改变世界的科技事实，值得投资人期待的技术 阿里云首席智库深度解析全球 DT 科技榜单 政府领导干部了解科技创新趋势读本 入选中央和国家机关 强素质 作表率 读书活动 2018 年推荐书目，为广大党员干部读书、学习、工作提供指导和借鉴 维珍银河总裁兼首席执行官 George T. Whitesi 联邦快递前创新部总监 Sharon love 英特尔首席工程师 Madeleine Glick 科大讯飞轮值总裁、研究院院长 胡 郁 韩国三星公司前 CEO 顾问 Joonki Kim 阿里云业务总经理 刘 松,人民邮电出版社,¥94.10,5993条评论,width: 90%;

Nicholas, /2017-02-01,更多科技人文好书请关注： 电子工业出版社自营店 20年前，读它，是科幻书；20年后读它，像历史书。 一本影响千百万人的互联网启蒙经典著作；一本关于 智能时代 的 说明书 ；预言帝尼葛洛庞帝坦率回应 我有什么地方搞错了吗？ 尼葛洛庞帝、胡泳、刘九如、段永朝、吴伯凡等全新解读。 海报：,电子工业出版社,¥65.30,2662条评论,width: 100%;

麻省理工科技评论, /2017-07-01,源自麻省理工学院的科技创新预言圣经，《麻省理工科技评论》连续17年发布全球科技创新趋势并预测技术商业化潜力。 硅谷亿万富豪 美国总统所追捧的科技浪潮。 改变世界的科技事实 值得投资人期待的技术。 吴军、余晨、曹虎、杰森 庞廷亲自写序推荐。 全球多领域20位行业专家深度解读读强化学习、基因疗法2.0、自动驾驶货车、量子计算等新科技新产业： 中国工程院院士 邬贺铨 斯坦福、伯克利人工智能客座教授 皮埃罗 斯加鲁菲 华大基因研究院院长、国家基因库执行主任 徐迅 驭势科技CEO、前英特尔中国研究院院长 吴甘沙 国家超级计算济南中心主任 张云泉 深鉴科技创始人兼CEO 姚颂 易宝支付联合创始人、总裁 余晨 科特勒咨询集团（KMG）中国区总裁 曹虎 科特勒国际精准医学园科学,人民邮电出版社,¥84.50,2707条评论,width: 90%;

阿里巴巴集团成长集编委会, /2018-01-01,适读人群：本书主要面向互联网技术从业人员和在校师生，使读者能够通过此书基本了解阿里在各技术领域的能力，学习在如此规模下可能出现 的问题以及解决方案的探讨和沉淀分享。 互联网实战经验总结 多位阿里技术人经验汇总 *官方首度分享 几十位工程师倾力总结技术实战经验 互联网技术井喷时代的良心著作,电子工业出版社,¥56.60,698条评论,width: 90%;

弗赖伯格, /2014-11-01,★ 雷军读后改变命运的奇书 ★ 一部讲述比尔 盖茨、乔布斯等在硅谷发起技术革命的传奇历史 ★ 迄今*能激发你创业激情的经典之作 ★ 一本书、一个人改变了我一辈子，这使得我上大学一年级的时候，就想建一家世界一流的公司。《硅谷之火》给了我这样一个启迪：你要是有梦想不妨一试，那样你也许真能办成一家***公司。 小米创始人雷军,中国华侨出版社,¥25.80,3721条评论,width: 90%;

李三科, /2018-06-30,本书作者2011年离开传统销售行业进入互联网行业工作，从对产品经理的工作一无所知，到成长为一名年薪几十万的资深产品经理，他对产品经理职业有着深刻的理解，也积累了丰富的学习、工作经验。本书以作者亲身经历为线索，讲解学习产品经理相关知识和工作方法的经验，同时介绍求职技巧，尤其适合想转行做产品经理的人士阅读学习。,华中科技大学出版社,¥34.30,12条评论,width: 100%;

凯西·赛拉, /2017-09-01,新鲜的产品设计理念，简单实用、前瞻睿智 成长型思维模式在产品设计与营销方面的深度应用 关于产品，你应该知道的都在这里,人民邮电出版社,¥47.60,1138条评论,width: 100%;

李鑫, /2018-03-01,由于各大公司开展大数据战略，而原有的产品经理在转型数据产品经理的过程中先天缺失数据思维与相应技能，因而在进行数据产品规划时具有短板。为了弥补各大公司数据产品经理在技术领域的短板，本书应时而生。 面向传统行业产品经理转型 彻底打破高深数学公式的入门门槛 兼顾软硬技能，融合知识体系化与实战经验化,电子工业出版社,¥66.20,102条评论,width: 100%;

叶夫根尼·布里克曼, /2018-07-01,如果你在创业公司工作或正打算投身创业大潮，本书会告诉你如何在瞬息万变的市场环境下杀出一条血路。 如果你就职于大公司但希望像创业公司一样去运作它，本书会介绍如何打破一成不变，永葆激情和创新之道。 如果你是一名刚入行的程序员，本书汇集了你在大学时想知道的所有关于IT行业工作的经验。 如果你是一名经验丰富的开发者，本书会让你对每天的工作有系统性认识并做出适当改变。 如果你是IT公司管理人员，本书将帮你理解团队里程序员的思维方式。 如果你对创业感兴趣，本书就是一位亲历者在告诉你创业的所有真相。 硅谷程序员创业者写给所有程序员 入门程序员如何快速成为行业高手 如何成为掌握自己变成生涯的CEO 程序员具备哪些能力就可以去创业 如何避开创业路上的九九八十一坑 罗辑思维 得到联合创始人快刀青衣、慢雾科技联合创始,人民邮电出版社,¥77.90,4条评论,width: 100%;

黄天文, /2017-12-01,（1）手把手教你做用户增长 用户运营的1本实战手册。百度、奇虎360、*、网易、链家、去哪儿、GrowingIO等20余名公司高管联合推荐 （2）作者在去哪儿、360、百度多年从事用户增长工作的经验总结，从零开始搭建百度糯米城市运营团队，完整经历了单日交易额从3千万到数亿的飞跃，在360操盘多个销售额过千万的电商项目和单日销售额数亿元的理财产品。 （3）用户增长领域开创性著作，战略层面，构建了一套系统的、科学的用户增长方法论；战术层面，从用户增长体系搭建、用户全生命周期运营等角度总结了大量引爆用户增长的实操方法和技巧。,机械工业出版社,¥54.50,921条评论,width: 100%;

吉恩·金, /2018-04-01,高德纳公司（Gartner）高级高管合伙人 李长华 中国中钢集团有限公司信息管理中心总经理 李红 中国卫通集团信息中心主任 李炜 EXIN国际信息科学考试学会亚太区总经理、DevOpsDays中国发起人 孙振鹏 中国农业银行数据中心总经理 涂晓军 雪松控股集团CIO、前壳牌中国CIO 徐斌 中信银行信息技术管理部总经理 王燕 联合推荐 技术的有效管理对于商业竞争力而言空前重要。数十年来，技术领导者一直在努力平衡敏捷性、可靠性和安全性。在此背景下，本书旨在提供从启动DevOps转型到实现目标所需的理论、原则和实践，帮助企业提高生产力、盈利能力并且赢得市场。本书不仅适用于从事或影响技术价值流中工作的所有人，通常包括产品管理、开发、QA、IT运维和信息安全，而且适用于业务和市场领导者。,人民邮电出版社,¥61.40,212条评论,width: 100%;

Steven, /2012-08-01,Steven Gary Blank是*早提出客户发展概念的硅谷企业家，他的创业理论影响了一大批硅谷创业者，掀起了硅谷精益创业的浪潮。受他影响的学生包括Eric Ries（《精益创业》的作者）、Nathan Furr（《有的放矢》的作者），以及Ash Maurya（《Running Lean》的作者）。 创新工场李开复老师微博亲力重荐之作，创业者不得不看的武林秘籍！ 同系列畅销书热荐：eBay前副总裁Marty Cagan厚积薄发之作： 《启示录：打造用户喜爱的产品》 针对Xcode 4.3）——Big Nerd Ranch培训系列的经典之作： 《iOS编程（第3版）》 反对闭门造车，关于创业方法和流程： 《有的放矢：NISI创业指南（《精益创业》姊妹篇）》,华中科技大学出版社,¥41.30,4798条评论,width: 90%;

阿伦·拉奥,,硅谷的高科技生态圈有着怎样的百态人生？ 初创的科技公司如何在巨无霸林立的产业里寻找生存的机会？ 实力强劲的大公司如何在科技变革中保持创新的活力与对未来的洞察？ 风险投资人如何把握科技浪潮，把钱投给对的企业？ 是什么样的制度和文化催生了硅谷的繁荣？ 全球*权威的硅谷编年体史书； 包含大量鲜为人知的历史细节和幕后故事； 华为驻硅谷分公司的创办者和前中关村科技控股有限公司副总裁领衔翻译，文稿内容精准，轻松好读； 认真了解与研读硅谷的历史，将使我们不会错过下一个科技浪潮。 《硅谷百年史》是——IT从业人员了解产业大趋势的案头指导手册；高科技企业的创业者及风险投资业者了解前辈经验教训的案例库；各类经济技术开发区的管理者学习硅谷经验的资料大全；所有关注数字化,人民邮电出版社,¥95.00,2567条评论,width: 100%;

Paul, /2013-10-01,美国互联网界如日中天的教父！ 保罗格雷厄姆，起于画家的黑客，硅谷创业巨子。 充满了离经叛道的洞见与实践的智慧，颠覆你对世界的过往印象！ 拿起书时世界仍一片黑暗，放下书时，它已充满希望！ 每一篇文章都抵得上一本好书。 美国亚马逊、纽约时报超级畅销书！ 为什么过去三十年中，很多赚到大钱的人都是程序员？！ 没办法，这些书呆子看上去正在接管世界。我*好能懂一点他们正在干的事情，这样就不会被他们整出来的下一个东西唬到了。 虽然黑客从外表看上去一般都是呆呆的，但是他们的大脑内部却是一个有趣得让你吃惊的地方。翻开本书，随着硅谷创业与技术大师敏感而丰富的内心，重新认识你所身处的世界。,人民邮电出版社,¥47.60,1608条评论,width: 90%;

Viktor, /2018-07-15,采用业界新的工具和方法开展微服务开发与部署，快速构建现代软件系统。,华中科技大学出版社,¥98.90,3条评论,width: 0%;

阮一峰, /2018-06-01,知名博主阮一峰文集，一场理解世界的探寻之旅。 机器人、自动化、人工智能正变得比人类更强大 技术变革导致人类社会重构 在可预见的未来，技术终将淘汰人类 世界正剧烈变化，我们该何去何从 洪水就在不远处 你应该读读这本书，早早准备出路,人民邮电出版社,¥30.60,56条评论,width: 0%;

阮一峰, /2018-06-01,知名博主阮一峰文集，一场理解世界的探寻之旅。 深刻的好奇心，善于考据的思维方式，对一切美好事物及感情充满向往 作者广泛涉猎，善于思考，勤于总结，并且乐于分享：将自己从一本书、一部电影或者一段经历中所得的感受和思考，都发表在了2003年开通的博客上。十余年累积的1500余篇博文，书写了各种庞杂的知识，理性且不乏人文关怀。 本书精选近百篇文章，按照时间脉络排列，清晰记录了作者的人生道路寻找历程。,人民邮电出版社,¥38.50,32条评论,width: 100%;

小林雅一, /2018-06-01,智能革命的雷鸣后，人类社会将如何变革？ AI时代，人类的真正价值在何处？ 日本KDDI综合研究所 日本信息安全大学院大学 副教授 小林雅一 通俗解说AI技术、趋势与产业前景 未来职业、产业的变革参考 人类存在价值的深度叩问 特别收录 微软（亚洲）互联网工程院AI 微软小冰 对本书内容的反馈,人民邮电出版社,¥38.50,0条评论,width: 0%;

胡晓, /2018-07-14,《重新定义用户体验：文化 服务 价值》是2017年国际体验设计大会的精华演讲实录，内容前沿，涵盖AI、VR、AR、大数据、智能出行、新商业体验等领域的深度洞察；演讲者背景雄厚，来自苹果、谷歌、百度、阿里巴巴、腾讯等国内外先锋企业。错过去年大会或想回顾大会精华的读者不容错过！,清华大学出版社,¥85.10,0条评论,width: 0%;

王树文, /2018-07-24,适读人群 ：参加信息系统项目管理师考试的考生 ★作者拥有十余年项管培训经验，押中十余期高项论文考试范围 ★为你剖析近13年论文考试真题 ★把手教学，作者执笔历年真题范文 ★为你在线免费答疑+考前押题,机械工业出版社,¥38.70,0条评论,width: 0%;

Marty, /2011-04-01,如何打造用户喜爱的产品？ 无论是产品经理，还是产品设计师；无论是蓄势待发的创业型公司，还是一筹莫展的大企业，大家都在思考这个问题。 怎样打造用户喜爱的产品？ 好产品具备三个基本条件：价值、可用性、可行性，三者缺一不可。 如何挑选有潜力的产品？ 如何证明产品设计符合用户需求？ 如何确认产品设计满足三个基本条件？ 如何运用敏捷方法管理产品？ 如何协调公司高管、客户、营销人员、开发人员、设计师的要求和意见？ Marty Cagan总结20余年软件产品管理经验，直指产品研发流程存在的弊病，为产品经理答疑解惑、指点迷津。 Marty无疑是eBay出色的产品经理，他的影响至今仍在。 Frerk-Malte Feller eBay德国区常务董事,华中科技大学出版社,¥26.80,2条评论,width: 0%;

李鹏, /2015-03-01,全面展现IT服务方法、标准、技巧、技术，让读者能纵览IT服务全貌； 深入浅出的阐述了IT运维精髓和全方位要素，深刻剖析了IT运维的成功规律； 系统概述了从硬件到软件的各类IT技术，让读者具备IT运维软功夫和硬功夫； 本书深入浅出、化繁为简，将信息化服务中晦涩的IT标准规范、流程体系用浅显易懂的方式娓娓道来 针对IT服务做什么、怎么做、怎么做好等问题进行了阐述，为从业人员整天陷于事无巨细的IT服务工作梳理了工作思路，理清了工作目标和方向,,¥37.40,793条评论,width: 90%;

佩措尔德, /2012-11-01,,人民邮电出版社,¥54.50,1060条评论,width: 90%;

熊普江, /2018-08-22,现在，任何大型应用发生故障，哪怕只有几分钟，都会产生很大的影响，引发各种猜想。腾讯公司更是经历了各种考验，包括出现问题后，有人写文章《微信居然也会缺少服务器资源，你信么？》。 本书便是讲解腾讯公司是怎么做的，介绍如何保障业务发展需要，保障用户体验，同时又充分利用好资源，控制好运营成本，这些都是精细技术运营需要持续探索的关键。,机械工业出版社,¥52.20,0条评论,width: 0%;

奥利弗·拉茨伯格, /2018-06-01,本书两位作者对各个行业中大型企业可能面临的数据挑战有着深入的了解，并且非常熟悉这些企业如何利用数据和分析来获得优势。这些企业不断遇到同样的问题，例如： ● 我们花费宝贵的会议时间来琢磨为什么每个人的数据都不匹配； ● 我们无法在利用自身规模经济优势的同时保持对数据的敏锐； ● 我们需要自助服务应用程序来让企业对数据进行实验并加快开发进程； ● 我们需要获得更具预测性的曲线以确保长期成功。 为了真正解决当今企业的数据问题，他们希望找到一种方法来帮助企业实现他们所寻求的成功。这不是一个一成不变的过程，而是一种敏捷且利用数据和分析来推动竞争优势的方法。 当两个视角非常不同的人聚在一起解决一个大问题的时候，结果非常令人神往。本书源自两位领域内著名的影响者：一位是长期从事分析实践的天睿公司首席运营,人民邮电出版社,¥66.20,41条评论,width: 100%;

杰夫·斯蒂贝尔, /2015-01-01,,中国人民大学出版社,¥37.90,1530条评论,width: 90%;

单研, /2018-02-01,在本书中，你将会看到作者对25位出众的数据科学家的访谈，他们来自于不同的背景、学科和行业。 作者既采访了Facebook、Linkedin和Intuit等公司的专家，也采访了Uber、Airbnb、Palantir、Mattermark、Quora、Square和Khan Academy等快速成长的初创公司的数据科学家。 其中的一些数据科学家，例如DJ Patil和Hillary Mason，是将这一领域开拓发展到如今这样的世界知名人士；另一些人，例如Clare Corthell，则是正在冉冉升起的数据科学新星。 本书提供了直观而深入的采访，展示了每一位数据科学家的生活经历，从他们离开学术界开始，到一步步成长为数据科学界的翘楚，以及他们在这个过程中学到的有价值的东西。 本书适合有志于成为数据科学家的人、正在从事数据科学相关工作的人、数据科学团队的领导、企业家以及商业人士参考，也适合对数据感兴趣的读者阅读。,人民邮电出版社,¥66.20,59条评论,width: 0%;

辛鹏, /2014-06-01,业内**本深入融合流程管理与流程技术的专著，全面讲解了业务流程及其实现，企业打造高效流程型组织的实践指南。 本书**作者是国内资深的工作流及BPM领域专家，现任国内知名的IT上市公司东华软件股份公司房产事业部执行副总经理。近些年，集首席咨询顾问、系统分析师、架构师、技术副总、项目经理多个角色于一身，成功领导了3个千万级别的大型软件项目的解决方案设计与开发实施，积累了丰富的解决方案能力、分析及设计能力、组织实施能力。本书第二作者荣浩也是工作流方面的知名专家，有8年左右的工作流开发与应用经验，曾任东方易维工作流产品经理，现任Thoughtworks咨询师。 本书结合实际示例，探讨了两条发展主线——业务及其管理的发展和信息化技术的发展，系统而全面地阐述了应用流程技术的三大永恒之道，为读者展现了一个完整,人民邮电出版社,¥54.50,471条评论,width: 100%;

吴晨涛, /2015-09-01,1.企业 高校联合开发，不但兼顾技术专业、方案应用，同时能把握技术通用性，有较好的普及性。 2.将配置实例与实际应用场景紧密结合，能够使读者更快、更直观、更深刻地掌握HCNA所需知识，增强读者的操作技能。 3.本书为华为官方出版的认证培训实验教材。,人民邮电出版社,¥66.20,360条评论,width: 100%;

杨立东, /2014-05-01,1、相当简洁、高效的团队管理落地实践方法，IT/互联网团队管理的宝典，用互联网思维打造的技术管理NO.1实战手册。 2、IT/互联网行业15年管理实践 + 中欧商学院EMBA经历，杨老师手把手教你如何用“微管理”打造高效团队。 3、众多IT/互联网团队管理者强烈推荐，无论你是项目经理、产品经理、程序员、测试员，还是公司高管，本书都有适合你的干货。 4、书中所介绍的“微科普”和“微案例”，能够直接应用于创业团队、专业化团队、互联网团队，提高团队的工作效率。 书名“微管理”有三层含义：首先，作者一直坚定地认为，不管是什么类型的IT/互联网公司，只要是以知识型员工为主体的业务类型，管理都应该尽量“微小”地占用项目的总工作量；第二，管理的实践活动不能粗线条，应该是细致“入微”的，具体要落实到把结果产出；第三，每一节,电子工业出版社,¥56.60,1266条评论,width: 90%;

罗鸿, /2005-04-01,本书已升级至第四版《ERP原理设计实施（第4版）》,电子工业出版社,¥26.20,995条评论,width: 90%;

潘东, /2013-01-01,知名软件企业高管教你如何跨越理论到实践！ 郭为先生亲自作序并推荐！ 来自项目一线的管理经验！ 知名软件企业高管的原创手记整理――为你讲述IT项目经理是怎样 炼 成的。 亲历情景案例分析 实用职场工具分享！――各种悲催！各种吐槽！帮你应对IT项目中不愿意碰到的那些事儿！ 口口相传，倾囊相授――做IT项目经理不得不掌握的三重修炼：明确自己的职业生涯规划，跨越理论到实践，用 软技能 解决硬问题。 相关书籍推荐 信息系统项目管理师考试论文通关宝典 PMP考试通关宝典 空降总监治乱记 项目管理心理学实战 知易行难：58个IT项目管理案例解析,机械工业出版社,¥36.80,3762条评论,width: 90%;

曹健, /2018-06-23,互联网 、 大数据 、 人工智能 先后成为了我们工作生活中的热词，说明了信息技术（IT）已经成为所有高科技产业的基本推动力，引领了这个时代的浪潮。但信息技术究竟有哪些门类？如何一步一步发展到今天这样？它们在我们的工作生活中有哪些具体应用？将来会变成什么样子？这些问题大部分人还不甚了解。而信息技术类的专业书籍和课程普遍内容深奥、公式繁杂、门槛较高，往往让大家 不明觉厉 、敬而远之 所以，本书主要针对在校大中学生、IT产业相关的职场人士以及对信息技术感兴趣的读者，以浅显易懂、图文并茂的方式科普信息技术的相关知识，提升人们的信息素养。本书既可以作为面向大众的科普读物，也可以用作各大高校信息类通识课程的教学参考书。,清华大学出版社,¥67.90,2条评论,width: 100%;

帕森斯, /2013-08-01,帕森斯编著的《计算机文化(英文版第15版)》是国外著名大学采用的计算机基础课教材，适合偏文科和商科大学的计算机导论课或公共课使用。本书涉及了计算机科学的诸多方面，包含计算机相关知识，就像一部百科全书一样便于读者学习，增强读者对计算机科学的兴趣，为今后的课程学习打下坚实的基础。本书在内容安排上既体现了计算机科学的广度，又兼顾了相关主题的深度，同时紧跟当前的技术发展趋势，是一本不可多得的教学用书。,机械工业出版社,¥62.10,215条评论,width: 90%;

姚强, /2016-05-01,数据中心业务连续性从业人员必读。 本书是一种系统地、全面地阐述IT服务连续性知识体系的专著，旨在为社会培养IT服务连续性领域的人才，为数据中心开展IT服务连续性活动提供详细指引，帮助数据中心实现 少停机、少丢数、少花钱 的夙愿。 本书基于大量图表，直观地阐述以下内容：IT服务连续性涉及的IT服务、业务、IT资源、IT流程、IT组织和IT事件等方面的基础概念和知识。企业各条线的IT事件应急处置行动框架与IT事件应急处置机制。以IT服务连续性目标为导向建设IT应急响应机制、高可用恢复机制和灾难恢复机制的活动框架。IT服务连续性管理活动框架，包括实现IT服务连续性所必须具备的项目管理、运维管理、IT应急处置机制就绪管理、风险管理、IT应急处置机制持续更新管理、绩效管理、内部控制和内部审计活动。 本书的读者对象包括IT应急,清华大学出版社,¥33.50,164条评论,width: 100%;

安珀·凯斯, /2017-09-01,如何设计出融入生活而不干扰生活的技术？如何使产品成为长久支持用户的朋友，而不是生命短暂的电子垃圾？本书探讨了平静技术这一解决方案。平静技术总是默默地为用户服务，并且只有在必要时才会吸引用户的注意。你将通过本书学会如何设计易用、耐用且不干扰用户生活的产品。 作者介绍了由施乐帕克研究中心的研究人员在1995年提出的设计思想，并解释了如何使这些思想在物联网时代发挥作用。你将了解到以下内容。 (1)技术设计为何需要尊重注意力 (2)平静技术设计原则 (3)平静沟通模式：通过多种感官途径吸引注意 (4)平静技术设计练习：改进现有产品 (5)平静技术在公司里的应用 (6)平静技术的历史与未来,人民邮电出版社,¥30.60,104条评论,width: 90%;

孟宁, /2018-07-01,,电子工业出版社,¥50.20,0条评论,width: 0%;

程控, /2012-01-01,,清华大学出版社,¥30.70,593条评论,width: 90%;

吴军, /2016-05-01,,人民邮电出版社,¥56.90,0条评论,width: 0%;

姜奇平, /2018-04-20,本书是*部基于图论的网络经济学专著。在经济学上，将一切经济现象还原为网络来加以解释、分析。本书*的特点是彻底摆脱了从战斗、战术角度观察信息革命的视角，改从统帅部、参谋部和一线前沿相结合视角，通过深度计算，从战役学、战争论上把握互联网全局。本书*次揭示了中国互联网一步步走向世界冠军，所依据的超越美国，且不为美国人所知的隐秘逻辑。是中国互联网*部深算 棋谱 ，*部 战役学 的集大成之作。,中国财富出版社,¥59.40,15条评论,width: 0%;

方其桂, /2016-02-01,1.培训内容与时俱进，不仅有以前的课件制作技术，还有微课等新技术。 2.图解式讲解，文字详尽。 3.内容全面 涵盖教学前、教学中、教学后3大教学环节，细讲11类软件/设备的教学应用方法，提升教师8大信息技术应用能力 4.技术实用 涵盖教学中常用、好用的软件或技术，同时提供105个教学应用实例，有助于教师在短时间内容掌握提供教学效率的有效手段。同时提供本书的配套资源，读者可发邮件至zxxxxjs@163.com获取,人民邮电出版社,¥37.40,137条评论,width: 90%;

池建强,,“人生就是一场编程的故事。”这既不是传统意义上的Mac用户手册或技术图书，也不是一本思想文集，而是一个70后程序员，以柔软的笔触，立于Mac之上，讲述技术与人文的故事，起于 Mac 而不止 Mac。书中写了Mac，说了苹果，聊了技术，侃了人生元编程，汇聚了作者个人的经历和悲喜。 电子书一直蝉联多看、Kindle、豆瓣电子图书销售排行榜，经过作者的精心整理，增加了Mac入门和演化史系列、Linux 系列、Vim 插件系列、职场系列、编程与写作等内容，顺利蜕变成纸介图书精品，阅读与收藏兼收。 共计70多篇文章，划分为六大主题：Mac、程序员与编程、科技与人文、 人物、工具、职场。书中有历史，有明天，有技术，有人生。,人民邮电出版社,¥43.20,546条评论,width: 90%;

飞继宗, /2017-02-01,,电子工业出版社,¥28.40,4条评论,width: 0%;

彼得, /2017-07-01,,机械工业出版社,¥38.70,205条评论,width: 100%;

华红兵, /2015-03-01,,华南理工大学出版社,¥44.80,115条评论,width: 100%;

邬江兴, /2017-01-01,,科学出版社,¥102.50,0条评论,width: 0%;

郎为民, /2016-11-01,通俗地说， 互联网 就是 互联网 各个传统行业 ，但这并不是简单的两者相加，而是利用信息通信技术以及互联网平台，让互联网与传统行业进行深度融合，创造新的发展生态。 本书通过幽默有趣的故事，让 互联网 的核心和精髓得以呈现。如果说，你对 互联网 的内涵还是有点拿不准的话，不妨从头到尾读一下这本书,人民邮电出版社,¥47.00,52条评论,width: 100%;

杰森, /2018-07-01,1.金融预测家杰森?辛克编著，自动化协会主xi杰夫 伯恩斯坦、惠普核心技术团队成员威尔 艾伦、机器人专家史蒂夫 卡曾斯等联合著书！ 2.立足于2018年的发展，众多前沿专家、企业CEO和投资者的论断。,人民邮电出版社,¥65.30,1条评论,width: 100%;

李婷, /2014-08-01,1.《离线Offline》极客文化**通识读本 2.《离线Offline》记录全球TOP5游戏设计大师访谈（陈星汉、小岛秀夫、席德?梅尔等） 3.《离线Offline》首次完整披露任天堂、索尼、雅达利、世嘉、微软游戏手柄进化史，并限量*赠送三套游戏手柄明信片 4.《离线Offline》起底“任天堂”百年历史、“马里奥”之父宫本茂成长史；揭秘“吃豆人”*强玩家 5.纽约大学游戏中心总监弗兰克?兰兹制作互动式游戏文本实验，清华大学游戏化研究者刘梦菲为《离线Offline》独家供稿 6.奥斯卡**电影《逃离德黑兰》原创剧本作者约书亚?比尔曼撰文 7.创客教父马克?弗劳恩费尔德的游戏人生 8.杨林青老师亲自操刀《离线Offline》的整体设计，红点奖获得者李响为《离线Offline》绘制插图,电子工业出版社,¥31.10,181条评论,width: 100%;

郭富才, /2005-01-01,,机械工业出版社,¥19.20,206条评论,width: 90%;

仲昭川, /2015-05-01,●互联网+时代人类智慧的跨界之作 ●《互联网黑洞》作者仲昭川全新宣告 ●史贤龙等怪咖作序推荐 ●继智商、情商之后郑重提出“维商”概念 同类书推荐：《互联网黑洞》,电子工业出版社,¥37.40,413条评论,width: 100%;

弗赖伯格, /2018-07-01,《 口碑：雷军和他的小米之道 》 ◎ 2018 年，小米再次站在风口上 筹备上市，有可能造就新的中国首富。 ◎全面解析 头号玩家 雷军的成长历程，从*程序员、劳模总经理、投资成功几十家公司的 雷天使 ，到颠覆中国手机市场的小米手机创始人，雷军一直在追求什么？ ◎依靠新零售策略的转变，小米之家在大陆遍地开花，小米手机 2017 年出货量近 1 亿部！成为当之无愧的 新国货 。 ◎ 小米模式 人人都在研究，但没人能研究透，因为它不是定量，而是变量，每一年雷军都带来新的 小米模式 ，永远站在商业模式的最前沿。 《硅谷之火：人与计算机的未来》 ★ 雷军读后改变命运的奇书 ★ 一部讲述比尔 盖茨、乔布斯等在硅谷发起技术革命的传奇历史 ★ 迄今*能激发你创业激情的经典之作 ★ 一本书、,中国华侨出版社、万卷出版公司,¥67.00,0条评论,width: 0%;

陈守森, /2015-09-01,,清华大学出版社,¥29.20,27条评论,width: 100%;

蒋凡, /2017-12-01,百度外卖技术委员会主席力作 作者多年实际操盘经验总结 剖析大数据时代的 智能增长 的来龙去脉 从数据、模型、场景、团队等几个方面系统全面地总结了企业数据智能化的方法论,人民邮电出版社,¥54.20,41条评论,width: 100%;

特拉维斯·鲁德米克, /2018-08-10,尽管精益理念和客户开发战略被广泛接受，许多产品团队仍然难以将这些原则纳入有意义的行动。 这就是客户驱动实战手册的产生的初衷。这本实用指南提供了一个完整的端到端流程，可以帮助你了解客户、识别他们的问题、概念化新想法并创建他们钟爱的绝佳产品。 要建立成功的产品，你需要不断测试对客户和产品的假设。 本书向团队负责人、研究人员、设计师和管理人员展示如何使用假设进程框架（HPF）来阐释、试验并理解每个阶段关键的客户和产品假设。 有了有用的提示、真实世界的例子和完整的指南，你将快速学会如何将精益理论付诸行动。 ?收集猜想并将其转换为假设，然后进行测试以揭示有意义的见解 ?进行试验以创造持续的学习节奏 ?根据你从客户收集的反馈推导出模式和含义 ?在制定业务和产品策略决策时提高你的信心 ?使用循序渐进的手册追踪,机械工业出版社,¥54.50,0条评论,width: 0%;

张礼立, /2011-05-01,,上海交通大学出版社,¥30.10,62条评论,width: 90%;

池建强, /2015-11-01,,人民邮电出版社,¥43.20,126条评论,width: 100%;

韦斯特曼, /2011-09-01,,商务印书馆,¥18.60,107条评论,width: 90%;

Nick, /2014-03-01,《翻转世界》是一本走在时代前沿的书，它教你如何适应科技与数码产品日新月异的发展，如何在这样的时代中拔得头筹。 作者尼克 比尔顿是《纽约时报》科技和商业版专栏作家，曾任《纽约时报》研究与发展实验室研究员，他的专业性使得他对当前科技发展动态的分析十分精准，值得认真研读。 《连线》杂志好评推荐，brainpickings.org推荐2010年商业、生活、思想类十大必读好书之一。互联网革命*伟大的思考者 克莱?舍基；《纽约时报》畅销书《想象》作者乔纳?莱勒；《连线》杂志专栏作家，特约编辑克莱夫?汤普森倾情推荐。 湛庐文化出品。 更多好书尽在湛庐文化,浙江人民出版社,¥37.30,2255条评论,width: 90%;

邱平华, /2018-08-01,,电子工业出版社,¥42.10,0条评论,width: 0%;

吴军, /2015-01-01,,人民邮电出版社,¥60.00,2条评论,width: 0%;

吴军, /2015-01-01,,人民邮电出版社,¥65.00,0条评论,width: 0%;

吴军, /2017-12-31,,中信出版社、人民邮电出版社,¥502.00,1条评论,width: 0%;

张锦, /2014-10-01,,清华大学出版社,¥39.70,115条评论,width: 100%;

钟华, /2017-05-01,,机械工业出版社,¥189.00,4条评论,width: 0%;

戴夫·阿尔里德, /2018-08-01,,人民邮电出版社,¥78.00,0条评论,width: 0%;

吴军, /2013-07-01,推荐购买： 浪潮之巅第二版上下册套装（深度剖析IT产业，掌握下一个黄金十年，李开复作序推荐） 时隔两年，互联网及IT行业浪潮亲历者吴军博士强势回归! 《浪潮之巅》第一版自出版以来，在业界获得了巨大反响。信息产业发展瞬息万变，在《浪潮之巅》第一版上市的两年后，IT行业也发生了很大的变化，吴军博士继续娓娓道来，与您聊聊这些年里，IT界的这些事。 《浪潮之巅第二版》除了对所有章节进行信息更新和同步外，主要集中在这些话题：后乔布斯时代的苹果；杨致远离开雅虎事件及雅虎总裁辞职，雅虎和****的交易；Google的佩奇新政以及Google和摩托罗拉的并购；欧债危机；Facebook上市；微软和Google、苹果近年的竞争；云计算的进展；创新工场和中国的天使投资等。 《浪潮之巅第二版下册》,人民邮电出版社,¥26.10,13条评论,width: 70%;

吴军, /2013-06-01,《浪潮之巅》首版自出版以来，在业界获得了巨大反响。信息产业发展瞬息万变，在《浪潮之巅》**版上市的两年后， IT 行业也发生了很大的变化，吴军博士继续娓娓道来，与您聊聊这些年里，IT界的这些事。 这不是一本科技产业发展历史集，而是在这个数字时代，一本IT人非读不可，而非IT人也应该拜读的作品。 《浪潮之巅第二版》是一本介绍互联网及IT行业兴衰变化的书，书中的内容*早由吴军博士发表在Google黑板报上，历经多次改写和重构。近一百多年来，总有一些公司很幸运地、有意识或无意识地站在技术革命的浪尖之上。在这十几年间，它们代表着科技的浪潮，直到下一波浪潮的来临。从一百年前算起，AT T 公司、IBM 公司、苹果公司、英特尔公司、微软公司、思科公司、雅虎公司和Google公司都先后被幸运地推到了浪尖。虽然，它们来自不,人民邮电出版社,¥76.80,18293条评论,width: 100%;

麻省理工科技评论, /2017-05-20,,中信 人民邮电 中国友谊,¥392.00,3条评论,width: 0%;

刘宇熹, /2014-09-01,,清华大学出版社,¥29.30,55条评论,width: 100%;

钟华, /2017-05-01,,机械工业出版社,¥184.00,17条评论,width: 0%;

CTO训练营, /2017-03-01,CTO 是企业内负责技术的zui高负责人，因此，对企业来说，尤其是IT 企业和互联网企业，CTO 扮演着至关重要的角色。 CTO 训练营是面向中高端技术管理者的一个学习与社交的平台。本书是从CTO 训练营课程分享中精心挑选、整理提炼出的智慧结晶。 本书包含了30 多位CTO 导师的独到观点和深邃思想，涉及从CTO 格局、创业平台的CTO、CTO 的管理之道、CTO 看技术架构、CTO 与CXO 的关系、CTO 向CEO 的转型6 个方面主题，基本涵盖了一名技术人成长为CTO 需要关注的所有热门话题。 通过本书，您将能够分享以下企业家和CTO 的洞察和思考： 谭晓生 360 副总裁 于斌平 国美在线CTO 韩 军 欧电云创始人 杨永强 乐视网CTO 熊长青 九枝兰创始人 李钢江 跟谁学CTO 左文建 360 企业安全- 大数据分析业务总裁 李申申 知乎CTO 傅 强 九枝兰合伙人 段 念 花虾金融CEO 池建强 极客邦科技总裁 本书适合广,人民邮电出版社,¥56.60,219条评论,width: 90%;

肖建一, /2013-05-01,,清华大学出版社,¥44.20,195条评论,width: 90%;

杨志祥, /2014-04-01,杨志祥编著的《计算机文化基础》的编写紧跟当前计算机应用技术的前沿，在全面、系统地介绍计算机领域的基本慨念以及基本操作方法的同时，教材内容力图让学生掌握相关的操作技巧和了解**的应用技术，为将来职场应用计算机解决实际问题打下坚实的基础。 本书可以作为高职高专相关专业学习计算机文化基础课程的教材，也可以作为在职工作人员、计算机爱好者的学习参考书。,清华大学出版社,¥30.80,7条评论,width: 0%;

曹亚波, /2016-04-01,在充满变数的项目中，谁能做到运筹帷幄？在荆棘满布的职场中，处在焦点的你能否激流勇进？这是一本写给新、老项目经理的书。它道出控制项目的真谛，助你认知自己，认知你的项目。,电子工业出版社,¥34.40,189条评论,width: 90%;

贺利坚, /2014-04-01,如果不是感到迷茫，就不知道突破 如果不是克服迷茫的过程，就找不到自信 大学、学习、计算机三者完美交融 大学计算机专业学生走入职场前的必读宝典 CSDN人气专栏“IT学子成长指导”作者倾情奉献,人民邮电出版社,¥38.70,119条评论,width: 100%;

刘仲刚, /2017-11-01,本书是 IT项目管理丛书系列书籍之一，对 IT项目采购与合同管理进行了详实的研究，并将理论与实践有机结合，使得该书通俗易懂，每个章节的案例可帮助读者掌握和运用从书中学到的知识和技能，为 IT项目管理的学生和从业者奠定坚实的基础。,北京交通大学出版社,¥30.80,12条评论,width: 100%;

Paul, /2013-03-01,黑客精神与编程世界的完美结合 我们生活在计算机时代，程序员对世界的影响越来越大。那么，他们到底是什么样的人？什么东西*能触动他们？他们对我们其他人到底有什么影响？ 不难发现，我们身边的每件东西都逐渐与计算机关联起来了。打字机被计算机取代，手机变成了一台小型的计算机，照相机也是如此。不久以后，电视机和录像机也将会变成计算机网络的一部分。而汽车芯片的运算能力甚至超过了1970年需要一整间屋子才放得下的大型机。信件、百科全书、报纸乃至一些社区商店都正在被互联网取代。下一个改变会是什么？ 黑客与画家：硅谷创业之父Paul Graham文集+松本行弘的程序世界(套装共2册) 不光带领我们探究黑客的世界，了解这些人的爱好和动机。还让我们深入了解编程领域各个要素之间的关系，而且能够学到大师的思考方法。,人民邮电出版社,¥85.60,65条评论,width: 90%;

Paul, /2013-11-01,美国互联网界如日中天的教父！ 保罗格雷厄姆，起于画家的黑客，硅谷创业巨子。 充满了离经叛道的洞见与实践的智慧，颠覆你对世界的过往印象！ 拿起书时世界仍一片黑暗，放下书时，它已充满希望！ 每一篇文章都抵得上一本好书。 美国亚马逊、纽约时报超级畅销书！ 为什么过去三十年中，很多赚到大钱的人都是程序员？！ 没办法，这些书呆子看上去正在接管世界。我*好能懂一点他们正在干的事情，这样就不会被他们整出来的下一个东西唬到了。 虽然黑客从外表看上去一般都是呆呆的，但是他们的大脑内部却是一个有趣得让你吃惊的地方。翻开本书，随着硅谷创业与技术大师敏感而丰富的内心，重新认识你所身处的世界。,人民邮电出版社,¥42.10,0条评论,width: 0%;

埃里克·布林约尔松, /2014-09-01,我们正在进入一个追求更低劳动成本的新时代。人工智能革命对白领职业产生的影响，正如机器人技术对蓝领职业的影响。《与机器赛跑》对工作的未来做出了大胆的解释。尚未有人能如此严肃的思考这股将引领经济重建的力量，这种重建的意义将比农业时代向工业时代的转变更为深远。布林约尔松和麦卡菲做到了，而且做得很好。如果你既关心商业，也关心社会的未来，这将是一本必读之书。 ——蒂姆奥莱利（Tim O’Reilly），O’Reilly公司创始人、CEO 《与机器赛跑》正是对数字世界的写照，在这个世界里，协作、创意和联网比劳动力、领导力都更为重要。 ——尼古拉斯尼葛洛庞帝（Nicholas Negroponte），《数字化生存》作者，MIT媒体实验室创始人 这是一本很薄的书，却像打在人脸上的一记巴掌，令人清醒。我们正经历的这场奇怪而漫长的,电子工业出版社,¥24.20,1176条评论,width: 90%;

吴军, /2015-01-01,,人民邮电出版社,¥64.00,2条评论,width: 100%;

吴军, /2013-07-01,推荐购买： 浪潮之巅第二版套装：上册 下册（深度剖析IT产业，掌握下一个黄金十年，李开复作序推荐） 时隔两年，互联网及IT行业浪潮亲历者吴军博士强势回归! 《浪潮之巅》**版自出版以来，在业界获得了巨大反响。信息产业发展瞬息万变，在《浪潮之巅》**版上市的两年后，IT行业也发生了很大的变化，吴军博士继续娓娓道来，与您聊聊这些年里，IT界的这些事。 《浪潮之巅第二版》除了对所有章节进行信息更新和同步外，主要集中在这些话题： 后乔布斯时代的苹果；杨致远离开雅虎事件及雅虎总裁辞职，雅虎和*的交易；Google的佩奇新政以及Google和摩托罗拉的并购；欧债危机；Facebook上市；微软和Google、苹果近年的竞争；云计算的进展；创新工场和中国的天使投资等。 《浪潮之巅第二版上册》介绍,人民邮电出版社,¥33.60,798条评论,width: 90%;

阮一峰, /2015-01-01,维克多雨果曾说过：“未来将属于两种人：思想的人和劳动的人。”对各种事物都有着深刻好奇心和善于考据的思维方式的阮一峰，无疑是一个思想的人，一位对一切美好事物及感情充满向往的真正意义上的知识分子。阮一峰广泛涉猎，善于思考，勤于总结，并且乐于分享：他将自己从一本书、一部电影或者一段经历中所得的感受和思考，都发表在了2003年开通的博客上。累积至今的1500余篇博文，书写了各种庞杂的知识，理性且不乏人文关怀，试图以个人单薄的力量向社会传达一种向善的理想，希望通过这些文章来告诉大家如何做一个独立思考者。,人民邮电出版社,¥38.70,327条评论,width: 100%;

保罗·格雷厄姆, /2013-10-01,,人民邮电出版社,¥112.00,0条评论,width: 0%;

李婷, /2014-01-01,《1024》是“Mook”，“Mook”是一个英日混血的组合单词，即将杂志（Magazine）和书籍（Book）合在一起，成为独具魅力的“杂志书”。 形式上，它通过长文或是长文集合来传递信息，更快速的聚合来提高时效性，更丰富的观点来增加多元性。内容上，以“技术作为一种文化”为核心导向，深入广博地探讨技术是如何变革社会生活，并重塑文化土壤的。当然，我们并不总是在谈论“技术”本身。那些与geek有关的“热爱”和“癖好”，也都将在此开放分享。换句话说，我们试图以一种新的阅读形式，为一类有共同兴趣的人，量身定做一种阅读体验。另外，《1024》将定期出版。 《1024》探索“技术作为一种文化”对人类未来的影响，致力于将全世界**秀的科技文化引进中国并使之本土化。 首期《1024》将目光聚焦于人和机器的未来，探讨两者间的共同进化关系。作者包括雷?,电子工业出版社,¥38.00,293条评论,width: 100%;

@萧秋水, /2013-09-01,推荐购买套装： 微博微信营销宝典套装：微博控 控微博（第2版）微信控 控微信（第2版）（套装共2册）左手微博，右手微信，双剑合璧，一脉相承，接地气，纯实操，独此一家，别无分号 《微博控》姐妹篇，一本让你买了不后悔的“微信推广”实战书。 微信一下子就火了起来了！ 微信怎么用？什么样的商家适合做微信营销？ 的确太多人在手机上装了微信，但是他们却不了解微信到底能干什么？ 的确太多企业在了解微信，但是他们却不知道微信能否助力自己的业务发展。 “微信，有哪些特色功能我还不知道？ 微信营销，领先者都是怎样玩的？ 微信会不会像微博，刷屏浪费我太多时间？ 我的企业的产品和服务是否适合微信推广？ 微信真的那么强大吗？” 你相信或者不相信，微信的几亿用户,人民邮电出版社,¥47.00,631条评论,width: 90%;

吴军, /2013-07-01,推荐购买： 浪潮之巅第二版上下册套装（深度剖析IT产业，掌握下一个黄金十年，李开复作序推荐） 时隔两年，互联网及IT行业浪潮亲历者吴军博士强势回归! 《浪潮之巅》**版自出版以来，在业界获得了巨大反响。信息产业发展瞬息万变，在《浪潮之巅》**版上市的两年后，IT行业也发生了很大的变化，吴军博士继续娓娓道来，与您聊聊这些年里，IT界的这些事。 《浪潮之巅第二版》除了对所有章节进行信息更新和同步外，主要集中在这些话题：后乔布斯时代的苹果；杨致远离开雅虎事件及雅虎总裁辞职，雅虎和*的交易；Google的佩奇新政以及Google和摩托罗拉的并购；欧债危机；Facebook上市；微软和Google、苹果近年的竞争；云计算的进展；创新工场和中国的天使投资等。 《浪潮之巅第二版下册》介绍了：短暂的春,人民邮电出版社,¥43.20,568条评论,width: 90%;

李国杰, /2018-05-01,本书不是一本科学家的论文集，而是一位战略科学家的战略咨询工作成果选集。书中收录了国杰先生年少求学的坎坷之路，对信息技术、数字经济的专业思考判断，与青年学生、青年科研人员的交流互动，还有关于科技评价、科研道德、人才引进等问题的意见讨论。这些不同侧面的内容集合起来，共同构成了一位战略科学家的人生拼图。,人民邮电出版社,¥111.40,2条评论,width: 0%;

胡江堂, /2009-09-01,献给还在大学里的师弟师妹们，尤其是今后想干IT这一行的，一群IT小小鸟，来自十几所院校，或科班，或非科班，或男生，或女生，在失望中追求希望，在迷茫中辨别方向，祝愿亲爱的师弟师们，本科不虚度，考研少盲目，实习别耽误，求职心中有数，毕业=失业，自己给自己做主。 点击免费阅读更多章节：我是一只IT小小鸟（IT人的快意青春）,电子工业出版社,¥23.50,282条评论,width: 90%;

麻省理工科技评论, /2017-10-01,源自麻省理工学院的科技创新预言圣经 《麻省理工科技评论》连续17年发布全球科技创新趋势并预测技术商业化潜力 全球多领域行业专家深度解读2012年~2017年60大全球突破性科技 这些技术是为解决问题而生，将会极大地扩展人类的潜能，也极有可能改变世界的面貌，值得在未来10年内给予特别关注 同时，本套装赠送MITTR联合谷歌重磅发布的《机器学习》商业报告中英文电子版。 （如果扫码时遇到问题无法获取资源，请发邮件到limengsi@ptpress.com.cn，工作人员收到邮件后会立即把资源发到您邮箱，给您带来的不便敬请谅解，谢谢）,人民邮电出版社,¥178.60,956条评论,width: 100%;

吴俊辰, /2017-01-01,,电子工业出版社,¥214.00,1条评论,width: 0%;

John, /2018-04-01,,人民邮电出版社,¥148.00,0条评论,width: 0%;

梅克伦伯格, /2005-06-01,,,¥45.80,2条评论,width: 100%;

信息技术公共课程, /2014-01-01,,西南财经大学出版社,¥27.80,6条评论,width: 0%;

张兰, /2016-06-01,什么来头，TimYang、阿朱等数十位互联网大咖集体站台力挺 独角兽种子|极客明星|技术网红，37个响当当，37位铁铮铮 技术与创业两种独特基因如何碰撞，不同答卷组成完整密码 激情、偏执与疯狂，冷静、谋略与智商，没有成败只有成长,电子工业出版社,¥66.20,65条评论,width: 100%;

Maksim, /2013-06-01,点击查看： 特别推荐： 《数据分析：企业的贤内助》 本书是社会网络分析领域的经典图书，基础理论与实践完美结合，是一部逻辑紧密、内容详实，适合所有相关技术人员的参考书。 本书两名作者都具有丰富的数据分析、处理工作经验，是社会网络分析实践技术方面的积极实践者。,机械工业出版社,¥46.60,181条评论,width: 90%;

唐晓波, /2016-07-01,导语_点评_推荐词,科学出版社有限责任公司,¥45.80,4条评论,width: 0%;

周苏, /2013-10-01,,清华大学出版社,¥28.70,8条评论,width: 100%;

马丁, /2012-09-01,编程大师Bob大叔40年编程生涯心得体会 讲解成为真正专业程序员所需态度原则 业界权威好评，广受赞誉 助您职业生涯迈上更高台阶,人民邮电出版社,¥38.70,471条评论,width: 90%;

张绍博, /2013-04-01,,电子工业出版社,¥55.50,0条评论,width: 0%;

罗斯曼, /2009-10-01,理论让路，实践先行，Amazon五星畅销著作，项目经理的必备实战手册，众多实例，犹如真实场景再现。 项目管理对于项目成败至关重要，项目经理往往面临着巨大的压力和挑战：虽然已经有很多项目管理理论和方法，但实践中每个项目都有自己的独特性，没有现成的解决方案可以套用。 怎么办？这部荣获软件业奥斯卡——Jolt奖的著作给出了很好的解答。作者多年来帮助许多高科技公司成功地解决了各种有关产品开发管理的棘手问题，本书正是她宝贵实战经验的提炼。书中从应对实际风险的角度出发，讲述了从项目启动、项目规划到项目结束的整个管理流程；展示了作者的思考过程，从评估项目背景，选择生命周期，直到为项目建立清晰的条件；同时穿插了丰富的提示和真实案例，介绍了可能遇到的常见问题。这些真知灼见不仅适用于软件项目管理，同样,人民邮电出版社,¥38.70,1333条评论,width: 90%;

严励, /2013-07-01,,社会科学文献出版社,¥73.40,4条评论,width: 0%;

菲利普斯, /2011-01-01,,机械工业出版社,¥46.60,41条评论,width: 80%;

博克顿, /2009-04-01,国内众多项目管理专家推荐： 英特尔中国开源技术中心Linux和开源战略经理 陈绪 博士 清华-搜狐搜索技术联合实验室 项目主管 梁斌 唐硕咨询项目经理 黄胜山 宇思信德（北京）科技有限公司 项目经理 王威 微软（中国）有限公司 项目经理 李锐 《代码之美》 点击进入 《测试之美》点击进入 《安全之美》点击进入 《数据之美》点击进入 《数据可视化之美》点击进入 《架构之美》点击进入 《团队之美》点击进入 作者简介： SCOTT BERKUN在微软公司工作了10年，参与的项目包括IE、MSN和Microsoft Windows。同时，在为微软公司卓越工程组（Engineering Excellence Group）工作的两年中，他为开发团队授课和提供咨询。2007年，他写了畅销书The Myths Of Innovation（O'Reilly出版）。Scott是一位知名的演说家和培训师，涉及的领域包括管理、创新思考和设,机械工业出版社,¥46.60,122条评论,width: 90%;

吴军, /2015-01-01,,人民邮电出版社,¥65.00,0条评论,width: 0%;

王强, /2004-07-01,《IT软件项目管理》是一部既反映IT软件工程实践又含有现代化项目管理的思想、管理技巧、方法和职责的管理类图书，讨论的IT领域中一个比较专业的主题——IT软件项目管理，主要探讨了如何对IT软件项目进行管理。本书强调的一个重要思想是从管理，而不是技术或概念术语的角度对IT软件项目加以探讨，将项目管理技巧、方法与职责实践到IT软件项目生命周期内的各个阶段。,清华大学出版社,¥18.70,66条评论,width: 90%;

施瓦伯, /2012-07-01,“施瓦伯再次达到目标——帮助我们理解所有敏捷方法的核心技巧及态度。” ——罗伯特·C.马丁（鲍勃大叔，Uncle Bob），Object Mentor公司总裁兼创始人 “本书清晰反映了肯在全球范围内指导Scrum团队和讲授ScrumMaster认证课程的经验……对试图改变软件交付方式的人来说，这是一本优秀的入门指导。我大力推荐。” ——迈克·科恩，认证ScrumMaster，敏捷联盟董事 “你能通过听故事学习知识吗？我能。我们终于得到一整本关于敏捷开发的故事书。很精彩！” ——布莱恩·马理克，独立顾问 Scrum作为一种项目管理方法，已经帮助数百家公司成功走出困境，高质量、快速地成功交付软件产品。Scrum是管理复杂项目的简单方法，它的魅力在于规则和实践方法数量较少，简单好用，容易上手。但与此同时，Scrum的简明性往往又使新手在不知不,清华大学出版社,¥26.40,28条评论,width: 90%;

Kutner, /2014-09-01,众所周知，程序员工作压力大、无暇照顾自己，去健身房更是奢侈行为。颈椎病、手腕疼痛、干眼症等问题困扰着几乎所有程序员和长期伏案的工作人员。在久坐不动的室内工作中，在没有大块时间去健身的客观条件下，如何保持身体健康？本书在科学研究和实践的基础上，总结了一些简单易行的健康指导，帮助读者从周身病痛、病弱且极有可能脾气暴躁的黑客，蜕变为快乐、高效的程序员。 保持健康没有想象的那么难，更不需要放弃现在的生活。重构健康，从本书开始。,人民邮电出版社,¥30.80,179条评论,width: 100%;

张锐昕, /2013-10-01,教学目标明确，注重理论与实践的结合。 教学方法灵活，培养学生自主学习的能力。 教学内容先进，满足专业人才的社会需求。 教学模式完善，提供配套的教学资源解决方案。,清华大学出版社,¥41.70,20条评论,width: 100%;

陶再平, /2014-09-01,,电子工业出版社,¥22.00,12条评论,width: 0%;

两化融合管理体系工作领导小组, /2017-01-01,本书对《国务院关于深化制造业与互联网融合发展的指导意见》的战略定位、主要内容和工作部署进行了全面阐述，对我国制造业发展机遇和挑战、互联网与制造业融合发展趋势、创新驱动发展战略、全面深化国有企业改革等若干重要问题进行了解读。,电子工业出版社,¥46.90,47条评论,width: 100%;

凯文·凯利, /2018-08-01,,电子工业出版社,¥93.50,0条评论,width: 0%;

Kathy, /2017-09-01,,人民邮电出版社,¥128.00,0条评论,width: 0%;

肯·施瓦伯, /2009-02-01,不论是单个的团队还是整个企业，都能从采用Scrum的过程中获益多多，如高效的敏捷管理、高质量的产品和较低的成本。然而，由于缺乏正式的规则，当人们摆脱旧的项目管理习惯时，变革所引发的冲突是不可避免的。在本书中，精益管理流程变革的领导者Ken Schwaber带你进行变革管理——组织管理和员工间工作的管理，阐述企业应如何成功采用Scrum。 作为*早使用Scrum的人员之一，Ken凭借几十年的使用经验可以帮助您解决实践和使用过程中遇到的各种问题。通过阅读本书，您将掌握在企业中使用Scrum的技巧和方法，并使开发流程变得更透明。 阅读本书后，您能：评估在不同规模的企业中使用Scrum的好处，启动企业转型项目，创建一个划分优先级的Product Backlog，通过由上而下的方式组织高效的Scrum团队，更改和应用解决方案来整合跨团队的工程实践，通过管,清华大学出版社,¥23.30,91条评论,width: 90%;

迈克尔·沃西耶, /2018-02-01,,人民邮电出版社,¥108.00,0条评论,width: 0%;

威廉姆斯, /2014-04-01,理查德马修斯托曼是IT界传奇人物、自由软件之父，他是自由软件运动的精神领袖、GNU计划以及自由软件基金会的创立者。理查德马修斯托曼多次来过中国做宣传和演讲，具有非常高的知名度。在国内有大批的拥趸。 这本斯托曼的传记为人们描绘了一位计算机界的奇才。然而，与那些硅谷创业故 事不同，这里没有一夜暴富的上市传奇，没有商场战场的尔虞我诈，更不会看到主人 公的圆满谢幕。 国内外众多IT知名人士，包括万维网创始人蒂姆伯纳斯-李，Linux之父林纳斯托瓦兹、CSDN创始人蒋涛、知名IT人徐继哲等鼎力推荐。,人民邮电出版社,¥38.70,64条评论,width: 100%;

吴军, /2013-07-01,,人民邮电出版社,¥90.00,0条评论,width: 0%;

Maksim, /2013-06-01,,机械工业出版社,¥99.00,1条评论,width: 0%;

张家为, /2012-11-01,避免常犯的错误 养成优良的习惯 破解密码，你也可以卓越起来,人民邮电出版社,¥22.90,136条评论,width: 90%;

吴军, /2013-12-01,《浪潮之巅 第二版》精装本 限量发行，更增加附录-中国公司与美国股市的恩恩怨怨 时隔两年，互联网及IT行业浪潮亲历者吴军博士强势回归! 《浪潮之巅》**版自出版以来，在业界获得了巨大反响。信息产业发展瞬息万变，在《浪潮之巅》**版上市的两年后， IT行业也发生了很大的变化，吴军博士继续娓娓道来，与您聊聊这些年里，IT界的这些事。这不是一本科技产业发展历史集，而是在这个数字时代，一本IT人非读不可，而非IT人也应该拜读的作品。《浪潮之巅第二版》是一本介绍互联网及IT行业兴衰变化的书，书中的内容*早由吴军博士发表在Google黑板报上，历经多次改写和重构。近一百多年来，总有一些公司很幸运地、有意识或无意识地站在技术革命的浪尖之上。在这十几年间，它们代表着科技的浪潮，直到下一波浪潮的来临。从一百年前算起，AT&T公司、IBM公司,人民邮电出版社,¥68.44,8条评论,width: 0%;

刘伯莹, /2001-06-02,,天津大学出版社,¥22.10,147条评论,width: 90%;

阮一峰, /2015-01-01,维克多雨果曾说过：“未来将属于两种人：思想的人和劳动的人。”对各种事物都有着深刻好奇心和善于考据的思维方式的阮一峰，无疑是一个思想的人，一位对一切美好事物及感情充满向往的真正意义上的知识分子。阮一峰广泛涉猎，善于思考，勤于总结，并且乐于分享：他将自己从一本书、一部电影或者一段经历中所得的感受和思考，都发表在了2003年开通的博客上。累积至今的1500余篇博文，书写了各种庞杂的知识，理性且不乏人文关怀，试图以个人单薄的力量向社会传达一种向善的理想，希望通过这些文章来告诉大家如何做一个独立思考者。,人民邮电出版社,¥35.80,3条评论,width: 0%;

张增骏, /2018-01-31,,机械工业出版社,¥473.00,0条评论,width: 0%;

周苏, /2016-11-01,本书是为大众创业，万众创新新形势下，计算机和IT相关各专业学生学习创新思维，增强自主创新能力而全新编写的课程教材。本书详细介绍了IT创新思维与科技创新的思维技法，创新从这本书开始。,中国铁道出版社,¥37.80,13条评论,width: 100%;

,,,,¥615.00,1条评论,width: 0%;

乔治·普鲁特, /2018-03-01,,机械工业出版社,¥107.00,0条评论,width: 0%;

特纳, /2013-05-01,,电子工业出版社,¥39.30,283条评论,width: 90%;

曹汉平, /2005-06-01,本书特色： 实用性。以我国IT服务管理实际需求为基础，以满足业务需求、提高IT服务质量和服务水平为目标，反映我国大多数企业目前所共同关心的IT管理问题。 先进性。紧跟信息技术及科学管理发展趋势，介绍目前全球IT服务领域*受认可、系统而实用的管理方法。 易读、易学性。语言简洁、流畅，内容安排合理，深入浅出，对每个专题均配有相应的思考题。 内容丰富。既系统而清晰地阐述了IT服务管理及其ITIL的基本理论及架构，又深入分析了IT服务实施规划的具体方法和路线图。 适用面广。既适合作为各级各类学校经济管理学专业、计算机科学与工程专业的本科生和研究生的基础教材，同时又对企业从事IT管理的管理者与工作人员有较大的实用参考价值。,清华大学出版社,¥20.00,8条评论,width: 80%;

吴军, /2013-12-01,《浪潮之巅 第二版》精装本 限量发行，更增加附录-中国公司与美国股市的恩恩怨怨 时隔两年，互联网及IT行业浪潮亲历者吴军博士强势回归! 《浪潮之巅》**版自出版以来，在业界获得了巨大反响。信息产业发展瞬息万变，在《浪潮之巅》**版上市的两年后， IT行业也发生了很大的变化，吴军博士继续娓娓道来，与您聊聊这些年里，IT界的这些事。 这不是一本科技产业发展历史集，而是在这个数字时代，一本IT人非读不可，而非IT人也应该拜读的作品。 《浪潮之巅第二版》是一本介绍互联网及IT行业兴衰变化的书，书中的内容*早由吴军博士发表在Google黑板报上，历经多次改写和重构。近一百多年来，总有一些公司很幸运地、有意识或无意识地站在技术革命的浪尖之上。在这十几年间，它们代表着科技的浪潮，直到下一波浪潮的来,人民邮电出版社,¥113.30,253条评论,width: 100%;

吴军, /2015-01-01,,人民邮电出版社,¥64.00,0条评论,width: 0%;

庐七, /2017-01-01,,化学工业出版社,¥111.50,0条评论,width: 0%;

吴军, /2015-01-01,,人民邮电出版社,¥62.50,0条评论,width: 0%;

吴军, /2017-03-01,,中信出版社 人民邮电出版社,¥129.00,9条评论,width: 100%;

项目管理协会, /2008-07-01,,电子工业出版社,¥30.00,134条评论,width: 80%;

吴军, /2015-01-01,,人民邮电出版社,¥66.00,0条评论,width: 0%;

吴军, /2017-07-21,,人民邮电出版社,¥92.00,11条评论,width: 0%;

柯林汉, /2013-07-01,盖茨和扎克伯格导师刘易斯、谷歌常务董事长施密特联袂推荐 面对这个时代*伟大的技术，无论你是谁，都很难置身事外 请跟随他，请跟随普林斯顿大学，开启一次华美的计算机旅行,人民邮电出版社,¥38.70,225条评论,width: 100%;

麻省理工科技评论, /2016-03-01,,人民邮电出版社,¥69.90,1条评论,width: 0%;

庐七, /2017-01-01,,化学工业出版社,¥112.90,0条评论,width: 0%;

赖真, /2016-10-01,,同济大学出版社,¥30.00,2条评论,width: 0%;

蔺华, /2011-05-01,,电子工业出版社,¥38.30,6条评论,width: 100%;

暂无, /2017-11-01,暂时没有内容,武汉理工大学出版社,¥17.00,0条评论,width: 0%;

徐凯, /2017-11-01,,机械工业出版社,¥129.00,0条评论,width: 0%;

, /2017-01-01,,人民邮电出版社,¥144.00,1条评论,width: 0%;

尤顿, /2015-04-01,他们来自谷歌、微软、卡夫食品、施乐、美国国防部、纽约泛欧证券交易所、DTE能源、英国电信集团…… 16位全球**影响力的CIO，分享成功企业的IT管理经验。 读者还可阅读《创意型领袖：从CEO到DEO》、《图解CIO工作指南》来了解更多相关内容。,人民邮电出版社,¥46.60,27条评论,width: 100%;

吴俊辰, /2017-01-01,,电子工业出版社,¥217.90,0条评论,width: 0%;

侯维栋, /2010-01-01,,清华大学出版社,¥37.90,213条评论,width: 90%;

Anton, /2013-06-01,学会像程序员一样思考，构建创新性问题解决方案！本书习题极其类似Google和Facebook的面试题，对于软件工程师面试有非常大的参考价值！众多专业网站和媒体好评如潮！,人民邮电出版社,¥38.70,71条评论,width: 100%;

梅克伦伯格, /2005-06-01,,东南大学出版社,¥45.80,1条评论,width: 80%;

佩措尔德, /2012-11-01,,人民邮电出版社,¥138.00,0条评论,width: 0%;

麻省理工科技评论, /2017-07-01,,中国友谊出版公司 电子工业出版社,¥370.00,0条评论,width: 0%;

罗伯特·厄普德格拉夫, /2017-09-01,,机械工业出版社,¥82.00,4条评论,width: 0%;

邬江兴, /2017-01-01,,科学出版社,¥132.00,0条评论,width: 0%;

吴军, /2017-04-01,,人民邮电出版社,¥208.00,0条评论,width: 0%;

ArtEyes设计工作室, /2017-12-01,,人民邮电出版社,¥251.00,0条评论,width: 0%;

刘靖宇, /2015-10-01,,清华大学出版社,¥21.80,25条评论,width: 100%;

Wayne, /2013-05-01,1.LinkedIn（ http://www.linkedin.com/ ）是一个面向商业客户的社交网络服务。Linkedin在国内的用户量近百万，对于职业人士和高端白领，LinkedIn是打造个人品牌形象和职业生涯的重要窗口。 2.作者是知名的社交网络专家，曾给美国很多企业培训LinkedIn的使用，本书英文版在Amazon进入畅销榜。 3.采用实际的图例，展示了如何使用LinkedIn的各项功能，创建富有竞争力的个人简历，迅速拓展自己的人脉，获得有价值的推荐和机会。,人民邮电出版社,¥22.90,242条评论,width: 90%;

,,,,¥48.00,1条评论,width: 0%;

胡晓, /2018-07-01,,清华大学出版社,¥74.00,0条评论,width: 0%;

, /2017-01-01,,人民邮电出版社,¥146.00,0条评论,width: 0%;

ArtEyes设计工作室, /2017-12-01,,人民邮电出版社,¥248.00,0条评论,width: 0%;

张绍博, /2013-04-01,,电子工业出版社,¥57.00,0条评论,width: 0%;

李明, /2016-03-01,导语_点评_推荐词,北京交通大学出版社,¥26.80,35条评论,width: 90%;

吴俊辰, /2017-01-01,,电子工业出版社,¥217.00,0条评论,width: 0%;

李婷, /2014-08-01,,电子工业出版社,¥35.60,56条评论,width: 100%;

伊卓里斯·穆提, /2017-08-24,,机械工业出版社,¥136.00,0条评论,width: 0%;

罗伯特·厄普德格拉夫, /2017-09-01,,清华大学出版社,¥87.00,3条评论,width: 0%;

戈登, /2014-06-01,微软创始人比尔盖茨亲自作序专文推荐。 微软公司“个人大数据”首席科学家、小型机之父、美国国家技术奖获得者、首届冯诺依曼奖获得者戈登贝尔与微软研究院研究员吉姆戈梅尔颠覆时代之作，亲身实践并深度解读在“全面回忆”时代人们如何做到“数字化不朽”。 首度提出“我的数字生活”（MyifeBits）研究课题，倡导人们全面数字化记录自己的所见所闻和所作所为。 全面构建了我们对自己身体健康、工作和学习的个人大数据框架，以助我们造就高效和成功的人生。 “全面回忆”时代正在发生，“信息在你指尖”终极实现。《全面回忆》一书不仅构建了“全面回忆”的理论框架，还研究了市面上现存的各种可供利用的软件，使个人实现“全面回忆”成为可能。 妙趣横生的个人大数据研究之作，抛开枯燥的计算机理论，将焦点放在,浙江人民出版社,¥36.50,297条评论,width: 100%;

大公, /2001-04-01,,岭南美术出版社,¥7.50,25条评论,width: 70%;

寿芒利, /2013-11-01,你玩转微信5.0的必备指南。 精彩内容： ● 微信简介及微信5.0各种新功能； ● 微信5.0版本的下载、安装和基本设置； ● 从手机通讯录、QQ好友导入联系人； ● 扫一扫和摇一摇； ● 漂流瓶的使用； ● 聊天、对讲机和视频通话； ● 朋友圈拍照分享； ● 微信游戏中心，飞机大战等； ● 公众平台的注册和使用； ● 微信营销的特点、渠道和成功案例； ● 微信产品分析以及与其他产品的对比； ● 微信使用技巧和注意事项。,人民邮电出版社,¥37.40,136条评论,width: 100%;

石楠, /2012-05-01,20 万华为员工的自传 通过此书可以洞悉华为光芒背后的风起云涌 企业没有神话，只有挥汗如雨的企业人 IT 男的事业与爱情，年轻华为人的奋斗与梦想,清华大学出版社,¥24.10,320条评论,width: 90%;

王雄, /2016-06-01,1.该书作者都是多年从事通信网络研究的学者，对未来通信网络的构架和资源管理方法具有非常深厚的积累。2.科研工作的理想参考书。3.注重理论基础知识和新工程实践之间的平衡。 4.先进性和实用性的完美统一。,人民邮电出版社,¥65.30,7条评论,width: 100%;

吴涵碧, /2015-01-01,,新世界出版社,¥222.70,0条评论,width: 0%;

保罗·弗赖伯格, /2014-11-01,,中国华侨出版社,¥19.80,11条评论,width: 0%;

郎为民, /2016-12-01,,人民邮电出版社,¥24.50,1条评论,width: 0%;

张绍博, /2013-04-01,,电子工业出版社,¥53.00,0条评论,width: 0%;

麻省理工科技评论, /2017-05-01,《麻省理工科技评论》连续17年发布优选科技创新趋势并预测技术商业化潜力 政府和企业判断科技商业化趋势的重要依据 DeepTech深科技阿里云研究中心科特勒咨询集团联合出品 中国工程院院士 邬贺铨 斯坦福、伯克利人工智能客座教授 皮埃罗·斯加鲁菲 华大基因研究院院长、国家基因库执行主任 徐迅 驭势科技CEO、前英特尔中国研究院院长 吴甘沙 国家不错计算济南中心主任 张云泉 深鉴科技创始人兼CEO 姚颂 易宝支付联合创始人、总裁 余晨 科特勒咨询集团（KMG）中国区总裁 曹虎 科特勒靠前精准医学园科学总监 慈宏亮 阿里云研究中心主任 田丰 阿里云不错安全专家 邬怡 乐视不错汽车自动驾驶副总裁、FF LeFuture人工智能研究院院长 倪凯 快手前沿技术研究部YLab负责人 郑文 清华大学信息科学与技术国家研究室研究员 谢震,人民邮电出版社,¥44.00,0条评论,width: 0%;

姚强, /2016-05-01,本书是一种系统地、全面地阐述IT服务连续性知识体系的专著，旨在为社会培养IT服务连续性领域的人才，为数据中心开展IT服务连续性活动提供详细指引，帮助数据中心实现“少停机、少丢数、少花钱”的夙愿。 本书基于大量图表，直观地阐述以下内容：IT服务连续性涉及的IT服务、业务、IT资源、IT流程、IT组织和IT事件等方面的基础概念和知识。企业各条线的IT事件应急处置行动框架与IT事件应急处置机制。以IT服务连续性目标为导向建设IT应急响应机制、高可用恢复机制和灾难恢复机制的活动框架。IT服务连续性管理活动框架，包括实现IT服务连续性所必须具备的项目管理、运维管理、IT应急处置机制就绪管理、风险管理、IT应急处置机制持续更新管理、绩效管理、内部控制和内部审计活动。 本书的读者对象包括IT应急管理人员、IT规划设计人员、IT项目管理人员,清华大学出版社,¥19.50,0条评论,width: 0%;

杨志祥, /2014-04-01,暂时没有内容,清华大学出版社,¥19.50,0条评论,width: 0%;

田文洪, /2014-03-01,,电子工业出版社,¥33.80,48条评论,width: 90%;

黄天文, /2018-01-01,,机械工业出版社,¥47.30,0条评论,width: 0%;

刘通, /2014-06-01,,哈尔滨工业大学出版社,¥32.80,0条评论,width: 0%;

Misha, /2013-01-01,真实版的网络《无间道》兼《幽灵》，揭开网络不为人知的黑暗面。 每一个和电脑打交道的人都必须知道，这是一个时刻存在危机的世界。 *盗刷，身份信息外传，商业机密甚至国家机密的泄露，或许就是你不经意间的一次点击造成的。网络的开放性和隐匿性，使得虚拟世界的犯罪不仅不容易防范，甚至都察觉不到。你需要时刻注意，你的网络安全。,中信出版社,¥33.80,194条评论,width: 90%;

白瑞雪, /2014-01-01,作为国内首部全面反映中国超级计算机发展历程的文学作品，它全面地再现了新中国超级计算机从无到有，从弱到强的发展历程。它是新中国几代超级计算机领域科技工作者奋发图强的真实写照。 作者的亲身经历为基础，以一个全新的视角记录总结和梳理天河超算研制的成功经验，为今后中国超算的可持续健康发展提供重要参考。,湖南科技出版社,¥23.20,18条评论,width: 100%;

谢耘, /2014-04-01,《转折——眺望IT**》是一部开创性著作，作者谢耘是“科技北京”百名领军人才之一，曾参加某新型军用雷达设计，主持研发中国**套有线电视数字加解扰系统及中国**台基于Windows CE的掌上电脑，曾获国家科技进步二等奖。 本书中，谢耘首次将中国哲学和东方思维方式引入信息科学，重新审视IT产业发展，创造性地提出“虚拟映像”思想，以前所未有的互联网思维实现了技术空间的空前扩展，引领了新的思想潮流。 《转折——眺望IT**》完整展示了作者关于虚拟映像和主体认识论的理论，论述了基于非结构化信息管理技术的应用模型。书中提到，建立主体的“虚拟映像”将成为一种必然。当我们能够建立起主体虚拟世界的数字映像时，信息与主体之间不再是一种无序*的联系，这使得我们可以把机器与包括人在内的主体不断接近的过程，推进到应,清华大学出版社,¥30.80,496条评论,width: 100%;

彭仲昆, /2016-04-01,,电子工业出版社,¥23.70,42条评论,width: 100%;

李倩, /2014-01-01,,清华大学出版社,¥26.20,4条评论,width: 0%;

经济合作与发展组织, /2013-07-01,,上海远东出版社,¥61.30,25条评论,width: 100%;

吴军, /2013-07-01,推荐购买： 浪潮之巅第二版套装：上册 下册（深度剖析IT产业，掌握下一个黄金十年，李开复作序推荐） 时隔两年，互联网及IT行业浪潮亲历者吴军博士强势回归! 《浪潮之巅》**版自出版以来，在业界获得了巨大反响。信息产业发展瞬息万变，在《浪潮之巅》**版上市的两年后，IT行业也发生了很大的变化，吴军博士继续娓娓道来，与您聊聊这些年里，IT界的这些事。 《浪潮之巅第二版》除了对所有章节进行信息更新和同步外，主要集中在这些话题：后乔布斯时代的苹果；杨致远离开雅虎事件及雅虎总裁辞职，雅虎和阿里巴巴的交易；Google的佩奇新政以及Google和摩托罗拉的并购；欧债危机；Facebook上市；微软和Google、苹果近年的竞争；云计算的进展；创新工场和中国的天使投资等。 《浪潮之巅,人民邮电出版社,¥21.00,2条评论,width: 0%;

阿里巴巴集团成长集编委会, /2018-01-01,适读人群 ：本书主要面向互联网技术从业人员和在校师生，使读者能够通过此书基本了解阿里在各技术领域的能力，学习在如此规模下可能出现的问题以及解决方案的探讨和沉淀分享。 互联网实战经验总结 多位阿里技术人经验汇总 *官方首度分享 几十位工程师倾力总结技术实战经验 互联网技术井喷时代的良心著作,电子工业出版社,¥32.45,0条评论,width: 0%;

蒋凡, /2017-12-01,百度外卖技术委员会主席力作，微观分析大数据智能驱动增长方法论,人民邮电出版社,¥48.30,1条评论,width: 0%;

安德鲁·基恩, /2012-12-14,1、 畅销书作家安德鲁?基恩新作，旧作《网民的狂欢》曾全球畅销，并在中国读者中反响巨大。这本新作所反映的问题，被奥巴马总统巧妙用于和罗姆尼的竞争对决中，并绝地逢生、意外获胜。 2、 本书的出版引发GOOGLE，苹果、三星、FACEBOOK、推特、雅虎、英特尔等世界巨型公司的愤怒，但却受到各国政要、文化名人、学者的好评。牛津大学、哈佛大学、耶鲁大学，正在将本书内容录制公开课，以呼吁能有更多公众关注互联网安全、商机和道德问题！ 3、互联网正在毁灭我们的价值观、判断力、创造力和美好生活。你的时间变得零散，你的生活变得缥缈。网络世界与现实世界正在融合，如何利用互联网得到商机、财机、幸福，并且安安全全？本书指导你！ 4、上网成瘾，隐私大贩卖，身心大暴露，由此引发世界性关注的问题。在中国，从芙蓉姐,安徽人民出版社,¥25.90,133条评论,width: 90%;

格雷厄姆, /2011-04-01,世界上靠前个互联网应用程序Viaweb开发者 举世认可的互联网创业很好不错Paul Graham的文集！ Paul Graham带领我们探究黑客的世界，了解黑客的爱好和动机 Paul Graham旁征博引历史事件，妙笔生花,人民邮电出版社,¥33.70,74条评论,width: 90%;

谢耘, /2015-09-01,,清华大学出版社,¥46.60,17条评论,width: 0%;

虚拟化与云计算小组, /2011-05-01,暂时没有内容,电子工业出版社,¥21.00,0条评论,width: 0%;

维尔特, /2009-09-01,,人民邮电出版社,¥37.90,12条评论,width: 80%;

赵立威, /2012-01-01,暂时没有内容,电子工业出版社,¥22.80,0条评论,width: 0%;

沈逸, /2014-10-01,沈逸，毕业于江苏常州工学院，经济管理学出身，CSDN社区之星，《 失业的程序员 》真实创业经历文章作者。实战派技术和商务相结合的创业中程序员。擅长电 子商务平台前期技术架构和商务运营、电子政务领域的项目整体运作，在局部范围内有较为广阔的人脉资源。较为擅长C++、C#，精通PHP前端开发。目前有 自己的软件公司，从事软件开发、电子商务和教育培训等工作。在繁忙的工作之余喜欢进行程序人生文字创作，同时担任了上海、江苏等地三家公司合作性质的网站 总监和技术顾问一一职。,清华大学出版社,¥26.90,70条评论,width: 100%;

CTO训练营, /2017-03-01,CTO 是企业内负责技术的zui高负责人，因此，对企业来说，尤其是IT 企业和互联网企业，CTO 扮演着至关重要的角色。CTO 训练营是面向中高端技术管理者的一个学习与社交的平台。本书是从CTO 训练营课程分享中精心挑选、整理提炼出的智慧结晶。本书包含了30 多位CTO 导师的独到观点和深邃思想，涉及从CTO 格局、创业平台的CTO、CTO 的管理之道、CTO 看技术架构、CTO 与CXO 的关系、CTO 向CEO 的转型6 个方面主题，基本涵盖了一名技术人成长为CTO 需要关注的所有热门话题。通过本书，您将能够分享以下企业家和CTO 的洞察和思考：谭晓生 360 副总裁于斌平 国美在线CTO韩 军 欧电云创始人杨永强 乐视网CTO熊长青 九枝兰创始人李钢江 跟谁学CTO左文建 360 企业安全- 大数据分析业务总裁李申申 知乎CTO傅 强 九枝兰合伙人段 念 花虾金融CEO池建强 极客邦科技总裁本书适合广大程序员、,人民邮电出版社,¥33.60,0条评论,width: 0%;

高汉中,,“云”从一开始的虚无缥缈，到现如今随处可见的云平台、云计算，仿佛是一夜之间出现并成长起来的。编辑曾经一度非常迷茫“云”的概念，IT界提出“云”究竟意欲何为？网络上关于“云”有大量的解释和说明，终无法让我对“云”概念产生深入的了解。 读了这本《云平台的信息技术：资源丰盛条件下的计算机和网络新工具》，犹如醍醐灌顶，让我喜欢上了这片“云”。 作者论述了在当前的云计算平台下：利用专用异构神经元取代传统的通用电脑，从根本上创立非诺依曼云端计算新体系；利用大一统网络治愈传统网络的遗传病；利用微基站提高高频谱复用率是实现无线通信服务质量与有线通信服务一致。 打破传统理论和技术的束缚，开创云时代新的技术革命，重新找到IT行业新的经济增长点，带领计算机、互联网和通信行业走出目前的困境,北京大学出版社,¥21.60,35条评论,width: 100%;

马宁伟, /2006-01-01,本书是研发工程师和研发管理、项目管理人员、技术型企业管理者的必读书。 从宿迁小厂到熊猫电子，从同创电脑到海尔，再到ABIT，从工程师成长为大型外企副总级研发主管，本书作者马宁伟的经历折射出20年来中国IT设计和IT产业的变迁。 不论担任什么样的职务，作者始终是研发工程师团队中的一员，他可能是*了解IT研发工程师和研发项目管理甘苦的人之一。难能可贵的是他始终保持感恩和开放心态，因此才有这样一本极具特色的作品。读者们不仅可以从中学到技术诀窍和管理心得，还可以分享宝贵的职场成长经验。 对于行业新手，在这本书中，你可以读到一个电子工程研发工程师的成长、技术追求和职业发展，企业需要什么样的人才，如何发展自己的专业理想，如何在复杂的职场中保持自己做人的原则，如何进行研究，如何解决难题，如何追赶快速变,中国物价出版社,¥22.50,259条评论,width: 90%;

凯西, /2017-09-01,,人民邮电出版社,¥46.80,0条评论,width: 0%;

袁雪霞, /2017-01-01,,郑州大学出版社,¥51.00,0条评论,width: 0%;

麦克.科尔, /2016-06-08,,清华大学出版社,¥35.10,14条评论,width: 0%;

田雪莹, /2013-09-01,《语义Web技术与网络化制造》由田雪莹、吉锋著，对协同制造链的概念进行了重点阐述与研究。协同制造链是围绕零件制造过程的网络化制造动态联盟，是一种面向零件的网络化制造实现方式。协同制造链基于语义Web技术，采用面向服务的思想组织与封装企业制造资源、建模描述企业制造能力，并在此基础上实现基于语义的制造任务与服务的精确匹配，通过使用协同制造链构建与运行支撑平台提供的各种应用服务，能够很好地支持企业间合作制造，是解决企业资源和制造能力不足问题的一个有效方案。《语义Web技术与网络化制造》围绕协同制造链快速构建，对支持协同制造链快速构建的相关理论及其关键技术进行了深入研究。,经济管理出版社,¥29.20,19条评论,width: 100%;

冯径, /2012-07-01,暂时没有内容,气象出版社,¥38.40,1条评论,width: 0%;

刘通, /2014-06-01,《ITIL2011服务管理与案例资产详解》适合IT服务外包和企业内部运营维护的IT技术支持和运维服务人员、开发人员、IT软件及系统架构师、IT项目经理、IT服务经理、高层主管和CIO（CEO）阅读，也可以作为在校大学生学习IT服务和项目管理课程的参考书。,哈尔滨工业大学出版社,¥25.90,61条评论,width: 100%;

胡克瑾, /2004-11-01,,电子工业出版社,¥49.00,5条评论,width: 90%;

萨莎, /2012-03-01,近观15位计算机大师的生平与成就 理解现代计算技术的发展轨迹 谱写自己的智慧人生,人民邮电出版社,¥25.30,954条评论,width: 90%;

基德尔, /2011-10-01,美国图书奖非虚构类获奖图书 普利策奖获奖图书 加利福尼亚大学伯克利分校Haas商学院MBA组织行为课程必读书,机械工业出版社,¥35.60,214条评论,width: 90%;

布林约尔松, /2014-09-01,,电子工业,¥25.90,0条评论,width: 0%;

尹华山, /2013-12-01,每一位程序员和项目经理的必读之书！IT职场至关重要的第二步！ 美国项目管理协会认证PMP十年IT项目管理经验凝聚本书。*短时间，获得他人十余年历练积累下来的IT项目管理经验与职场真经！ 想创业？没问题。但在创业之前，先成为一名优秀的项目经理。如果转不动一个项目，何以转动一个公司！ 每个人都是为了成就你而来到你的身边。作为程序员，作为自食其力意志坚定的IT食物链底层来的人，我将踏出这**的一小步。作为项目经理，我将通过本书丰满我的技能，拨开项目管理的迷雾，或是从焦虑中醒来。 程序员到了30岁，怎样提高自己的不可替代性？下一步是卖水果、烙烧饼，还是往前再走一步？！光环效应 vs. 彼得定律的博弈结果？再一次，重新掌握时间与主动；管人的艺术与理事的方法，与桀骜不驯的灵魂打交道的策略；受控与绩效的协调？……一切的,人民邮电出版社,¥31.10,431条评论,width: 90%;

金错刀, /2017-07-21,,北京联合出版公司,¥78.00,1条评论,width: 0%;

Dennis, /2013-01-01,知名谜题作家力作，程序员面试题必备.书中从不同角度阐释了各种类型谜题的解题技巧，从广为人知的数独，幸运轮盘，赛程编排，旅行推销员问题到猫鼠游戏，同盟**化及选择性贪心等。,人民邮电出版社,¥24.20,202条评论,width: 100%;

Terrence, /2012-01-01,,人民邮电出版社,¥22.90,215条评论,width: 90%;

Susan, /2012-01-01,,人民邮电出版社,¥46.60,121条评论,width: 90%;

Rodolfo, /2013-01-01,,电子工业出版社,¥73.50,354条评论,width: 90%;

韩伟, /2014-01-01,,电子工业出版社,¥29.90,322条评论,width: 90%;

Mull, /2011-06-01,Mull He所著的《互联网之达芬奇密码——浪潮揭秘与中国五亿网民互为影响的互联网DNA》通过十多年中国互联网产业各个发展阶段的“时间脉络”来梳理中国网民用户需求演进和互联网产业变革之间互为影响的关系，每一位读者都可以在这里得到属于自己的价值。历史对于我们的意义不只是一些传说和故事的堆叠，更应该是一面镜子，一面能够回放过去、立足现在、展望未来的镜子。在世界和中国这样一个互联网大同的趋势下，本书立意于整个产业历程，为你讲述和揭晓网民需求与互联网产业之间互为影响和变革的案例和道理，让你以全新的视角来看待自己、看待互联网、看待未来。,电子工业出版社,¥23.40,47条评论,width: 80%;

Paul, /2013-01-01,解析社交网络和社交行为**变化 帮助读者了解社交行为及如何将社交行为应用于未来商业运作 Facebook品牌设计总负责人、前谷歌高级UX研究科学家著作 大量来自Facebook的真实案例，帮助你思科如何利用社交行为,人民邮电出版社,¥22.90,270条评论,width: 90%;

保尔森, /2012-12-01,《掘金黑客·马克斯·维京：地下网络犯罪之王》揭露了一条价值数十亿美元的网络犯罪产业链，挖掘出被盗数据转换成真金白银的惊人内幕。 这既是对一名天才黑客多重人生的深入探索，也是对其所在黑客群体的真实呈现。 作者凯文·保尔森曾被视为“五大黑客”之一，后任《连线》网站高级编辑并创办了网络安全专栏“ThreatLevel”。在讲述黑客犯罪方面，没人比他更具权威。,电子工业出版社,¥38.70,373条评论,width: 90%;

刘徽, /2013-01-01,推荐购买： 电商品牌定位 网站说服力 营销型网站策划 决战移动电商（附抵用券）（国内**本移动电商实操手册！） 马道微信（史上**本权威系统的微信公众平台营销指南） 你的网站赚钱吗？在电子商务的大潮中，你如何进行网上创业和网站营销？中国目前有4000万中小企业，残酷的竞争只能产生少量的*终胜利者，那么如何尽量在电子商务大潮中取胜呢。《你的网站赚钱吗:写给4000万中小企业的网络营销工具书》将为你揭示这些问题，帮你的网站实现盈利。《你的网站赚钱吗：写给4000万中小企业的网络营销工具书》共分为17章。第1章讨论网站建设的相关知识，从网站的定位、网站的类型、网站建设的步骤、网站建设中关键词的植入、网站建设中需要注意的事项等方面进行阐述和探讨；第2章主要讨论网站运营，包括网,电子工业出版社,¥33.80,377条评论,width: 90%;

冯华, /2014-10-01,,电子工业出版社,¥27.70,13条评论,width: 100%;

Kanat, /2013-01-01,没有人喜欢复杂的东西，所以软件开发的简约之道一定会受读者青睐。本书作者Max Kanat-Alexander创建的关于Linux的简约单页网站Unofficial Fedora FAQ，月访问量超过10万人次。本书作者还是著名的开源Bugzilla Project的首席架构师、社区创始人和发布经理。,人民邮电出版社,¥19.70,130条评论,width: 90%;

Kevin, /2013-01-01,计算机信息安全必备； 详尽涵盖了**黑客攻击方法和工具，内容全面； 提供了来自知名信息安全专家的安全测试案例； 企业进行计算机系统安全测试与评估的参考指南。,人民邮电出版社,¥38.70,65条评论,width: 90%;

钱啸森, /2007-01-01,,中国时代经济出版社,¥40.00,2条评论,width: 0%;

Kevin, /2013-01-01,计算机信息安全必备； 详尽涵盖了**黑客攻击方法和工具，内容全面； 提供了来自知名信息安全专家的安全测试案例； 企业进行计算机系统安全测试与评估的参考指南。,人民邮电出版社,¥49.00,0条评论,width: 0%;

猫咖, /2013-02-01,,机械工业出版社,¥31.10,47条评论,width: 80%;

黄宪仁, /2017-07-01,,电子工业出版社,¥108.00,0条评论,width: 0%;

瑞安, /2013-01-01,,人民邮电出版社,¥45.00,1条评论,width: 0%;

＠萧秋水, /2012-09-01,新版套装已上市，推荐购买： 微博微信营销宝典套装：微博控控微博（第2版）微信控 控微信（第2版）（套装共2册） 左手微博，右手微信，双剑合璧，一脉相承，接地气，纯实操，独此一家，别无分号 《微博控控微博》并不想鼓吹微博有多么神奇，它用理性的视角用数据说话，告诉大家： 微博是一个工具，想让微博在生活中和工作中发挥巨大作用，需要理念，更需要方法、工具和新思路。 是的，超高的转发，众多的粉丝，好评的人气，想获得这一切都是有方法的，《微博控 控微博》将一次全都告诉你。 让我们一起看看《微博控 控微博》中捅破的那些秘密吧： 名人的粉丝数真是一个可靠的数字吗？一条微博到底能影响多少人？琢磨先生一夜爆红的秘密？给孩子开微博好吗？这真是人人都有麦克风的时代？微博加粉15招,人民邮电出版社,¥33.80,897条评论,width: 90%;

普帕, /2004-10-01,,电子工业出版社,¥37.90,2条评论,width: 70%;

中国互联网协会, /2016-07-01,,电子工业出版社 中国工信出版集团,¥590.00,6条评论,width: 0%;

瑞安, /2013-01-01,《超级玛丽》全名《超级马里奥兄弟》，是任天堂公司出品的著名横版过关游戏，*早在红白机上推出，有多款后续作品，迄今多个版本合共销量已突破4000万套。 任天堂是日本*著名的游戏制作公司，它制作的游戏及主机、掌机系列在全球范围内深受欢迎。 追随超级马里奥的精彩足迹 揭秘任天堂背后的传奇故事 领略世界游戏场的百变风云。,人民邮电出版社,¥35.60,56条评论,width: 100%;

程控, /2002-10-01,MRP II/ERP系统的实施强调前期培训与全面培训。尽管MRP II原理的培训一直是MRP II/ERP实施过程培训的重要内容，但是长期以来MRP II/ERP原理的内容散见于各种相关书籍中且均讲得不够详细具体；一些ERP培训班也以讲ERP软件应用等概念为主，对原理演算讲得不够仔细；加上MRP II本身在算法与推导方面的抽象特点，也不易理解，使MRP II原理的学习一度成为很棘手的事情。有人反映，看了3遍MRP II/ERP的专业书尚理不出原理演算的思路，许多人不远千里来要求就MRP II/ERP原理部分予以培训。从培训中心 MRP II /ERP原理培训的影响来看，说明MRP II /ERP原理在项目实施中显得尤为基本、必要和关键，可以说 MRP II/ERP原理的掌握在一定意义上是学习MRP II/ERP的瓶颈。,清华大学出版社,¥30.00,2条评论,width: 80%;

马志刚, /2014-03-01,,北京大学出版社,¥43.50,25条评论,width: 90%;

博恩, /2009-04-01,点击免费阅读更多章节：IT管理框架,清华大学出版社,¥46.90,143条评论,width: 90%;

梁立新, /2010-09-01,重项目实践 作者多年经验的体会是“IT是做出来的，不是想出来的”。理论虽然重要，但一定要为实践服务．以项目为主线带动理论的学习是*好*快*有效的方法。《项目实践精解·IT项目的面向对象分析设计、开发及管理：基于.NET平台的ERP系统案例分析》的特色是提供了一个完整的AscentWeb医药商务系统。希望读者能够通过《项目实践精解·IT项目的面向对象分析设计、开发及管理（基于.NET平台的ERP系统案例分析》对项目开发流程有个整体了解，减少对项目实战的盲目感和神秘感，能够根据《项目实践精解·IT项目的面向对象分析设计、开发及管理：基于.NET平台的ERP系统案例分析》的体系循序渐进地动手做出自己的真实项目来！ 光盘内包含书中实例代码，项目案例的源代码、部署和运行 重理论要点 《项目实践精解·IT项目的面向对象分析设计,电子工业出版社,¥29.30,29条评论,width: 100%;

克鲁贝克, /2013-01-01,推荐组合购买： 大数据分析：用互联网思维创造惊人价值（大数据时代必看图书，互联网思维助你洞察取巨大商机，世界**专家20年丰富经验大起底，打通大数据理论与实践的通路） 大数据分析：决胜互联网金融时代（大数据落地实践之作，汇集世界**数据专家思想精华，*高级专家团队精心译著，O'Reilly总经理作序，IBM首席科学家等6位专家联袂推荐） 量化管理是现在企业管理理论中非常热门的管理理论。 作者是量化管理领域公认的专家。 不仅介绍什么是量化管理，还教你如何一步步实践它。,人民邮电出版社,¥31.10,1142条评论,width: 90%;

阿伦·拉奥, /2016-09-01,适读人群 ：所有对高科技产业有兴趣的人，包括行业分析师、高科技产业从业人员； 各类高科技产业园区的管理者； 创业者、IT从业者、风险投资人等。 全球首部的硅谷编年体史书 硅谷持续创新100年的海量案例库 钱颖一、段永基、吴军作序导读 阿里研究院院长高红冰、腾讯学院院长马永武、财讯传媒集团首席战略官段永朝、银河证券衍生产品部总经理丁圣元诚挚推荐 华为驻硅谷分公司创办人、中关村驻硅谷办事处主任联手，历时两年中英文同步改版，增补超10万字，收录虚拟现实、无人驾驶、人工智能、区块链等领域的创新人物与公司故事,人民邮电出版社,¥168.00,2条评论,width: 0%;

麦克.科尔, /2016-06-12,军事题材的小说一直都是小说中的一大热门题材，加之近几年国内军事题材的电视剧热映，大众对 该题材的关注度较高。本丛书在传统军事题材中加入了超能力元素，同时满足了喜好传统军事题材 和奇幻题材的读者群。随着大众对国际政治、经济和军事的关注度的不断提升，军事题材（尤其是 特种兵类）的受众年龄层也得到了有力的扩张，如《我是特种兵》国剧。而《英雄》《X战警》《 复仇者联盟》等电影剧集在国内的持续大热也使 超能力 成为读者熟悉并乐于接受的设定。,清华大学出版社,¥33.70,9条评论,width: 0%;

佩措尔德, /2012-11-01,,人民邮电出版社,¥44.80,6条评论,width: 0%;

中国互联网协会, /2016-07-01,,电子工业出版社,¥1011.2,0条评论,width: 0%;

钱祥生, /2005-01-01,,机械工业出版社,¥20.50,1条评论,width: 100%;

丁喜纲, /2014-01-01,"本书在编写时贯穿了""以职业活动为导向，以职业技能为核心""的理念，结合工程实际，反映岗位需求，以中小型企业网络构建为主要工作情境，按照网络工程的实际流程展开，采用任务驱动模式，将理论知识综合到各项技能中。",北京大学出版社,¥38.40,18条评论,width: 100%;

@萧秋水, /2013-09-01,推荐购买套装： 微博微信营销宝典套装：微博控控微博（第2版）微信控控微信（第2版）（套装共2册）左手微博，右手微信，双剑合璧，一脉相承，接地气，纯实操，独此一家，别无分号 @武大沈阳--武汉大学教授博导，新浪微博社区委员会专家成员；@沈浩老师--中国传媒大学教授，新浪微博社区委员会专家成员；@月光博客--知名IT独立博客作者；@魏武挥--新媒体观察者，上海交通大学媒体与设计学院教师；@互联网信徒王冠雄--知名IT经理人，观察家；@琢磨先生--微博名V； 强烈推荐！ 你是几级微博控？ 一级围脖控达人，只围观不说话； 二级围脖控达人，遇到兴奋点才回复、转发； 三级围脖控达人，遇到兴奋点才回复、转发； 四级围脖控达人，工作时间继续织； 五级围脖控达人，双休日不带休息的； 六级围脖控,人民邮电出版社,¥38.70,49条评论,width: 100%;

沃尔什, /2011-11-01,了解Y Combinator的内幕，倾听Joel Spolsky的心声，遵从盖伊·川崎的指点……,人民邮电出版社,¥46.60,319条评论,width: 90%;

张志娟, /2014-08-01,,对外经贸大学出版社,¥29.20,6条评论,width: 0%;

茨韦特瓦, /2013-06-01,,机械工业,¥44.30,0条评论,width: 0%;

王东迪, /2004-08-01,,人民邮电出版社,¥45.80,5条评论,width: 50%;

汪小金, /2016-01-01,,机械工业出版社,¥34.90,1条评论,width: 0%;

Mull, /2011-06-01,Mull He所著的《互联网之达芬奇密码——浪潮揭秘与中国五亿网民互为影响的互联网DNA》通过十多年中国互联网产业各个发展阶段的“时间脉络”来梳理中国网民用户需求演进和互联网产业变革之间互为影响的关系，每一位读者都可以在这里得到属于自己的价值。历史对于我们的意义不只是一些传说和故事的堆叠，更应该是一面镜子，一面能够回放过去、立足现在、展望未来的镜子。在世界和中国这样一个互联网大同的趋势下，本书立意于整个产业历程，为你讲述和揭晓网民需求与互联网产业之间互为影响和变革的案例和道理，让你以全新的视角来看待自己、看待互联网、看待未来。,电子工业出版社,¥30.80,182条评论,width: 90%;

奥利瑞, /2003-10-01,本书首先介绍了ERP系统的技术背景，然后具体分析了ERP系统构成、性能，以及ERP系统的生命周期，即从决定是否采用ERP系统到系统“成语”这一周期。在详细论述了ERP在电子商务中的应用之后，本书又对与采用ERP系统相关的风险进行了讨论。 此外，本书还对几个案例进行了深入的研究。 无论对于从事ERP的管理者还是管理咨询业从业人员来说，本书都有着不可估量的指导价值，也可作为信息系统管理课程或MBA学生的参考资料。,人民邮电出版社,¥23.70,0条评论,width: 0%;

张文库, /2011-01-01,,电子工业出版社,¥39.30,126条评论,width: 90%;

,,,西安电子科技大学出版社,¥16.50,9条评论,width: 0%;

吴颖惠, /2017-12-01,1.本书为北京师范大学与海淀区教育科学研究所、海淀区教育信息中心联合立项的“海淀区信息化背景下的学习方式变革”课题成果。n 2.本书面向广大一线教师，所采用的教学实践案例源自中小学数学、语文、英语、信息技术、物理、化学、生物等多个学科，并分别总结、提炼了各学科开展深度学习的经验与方法，可供广大一线教师参考借鉴。,人民邮电出版社,¥30.40,0条评论,width: 0%;

辛鹏荣浩, /2014-06-01,业内**本深入融合流程管理与流程技术的专著，全面讲解了业务流程及其实现，企业打造高效流程型组织的实践指南。 本书**作者是国内资深的工作流及BPM领域专家，现任国内知名的IT上市公司东华软件股份公司房产事业部执行副总经理。近些年，集首席咨询顾问、系统分析师、架构师、技术副总、项目经理多个角色于一身，成功领导了3个千万级别的大型软件项目的解决方案设计与开发实施，积累了丰富的解决方案能力、分析及设计能力、组织实施能力。本书第二作者荣浩也是工作流方面的知名专家，有8年左右的工作流开发与应用经验，曾任东方易维工作流产品经理，现任Thoughtworks咨询师。 本书结合实际示例，探讨了两条发展主线——业务及其管理的发展和信息化技术的发展，系统而全面地阐述了应用流程技术的三大永恒之道，为读者展现了一个完整的流,人民邮电出版社,¥48.50,1条评论,width: 0%;

王东迪, /2004-08-01,,人民邮电出版社,¥45.80,1条评论,width: 60%;

吴晨涛, /2015-09-01,1.企业 高校联合开发，不但兼顾技术专业、方案应用，同时能把握技术通用性，有较好的普及性。 2.将配置实例与实际应用场景紧密结合，能够使读者更快、更直观、更深刻地掌握HCNA所需知识，增强读者的操作技能。 3.本书为华为官方出版的认证培训实验教材。,人民邮电出版社,¥40.02,4条评论,width: 0%;

, /2017-01-01,,人民邮电出版社,¥502.00,0条评论,width: 0%;

雷葆华, /2011-06-01,从运营商的视角看云计算，通过统一部署支持IT、通信和信息服务的云能力平台和云客户端设备和系统，各类用户使用传统通信和IT服务以及互相协同工作、学习、娱乐的门槛会显著降低，用户通过运营商有线／无线宽带接入手段，可以低成本、随时随地接入运营商云平台，享受各种运营级别的云服务。 ——赵慧玲，中国电信北京研究院副院长 教授级高工，博士生导师 云计算是新一代IT技术变革的核心，是中国的机遇：建立自己IT体系的战略机遇。 应用云计算技术，中国电信业可从提供传统语音、数据转变为开始提供计算与存储服务，电信网可成为超级计算机。 中国电信适时地推出了本书，从技术、商业模式、运营能力等方面对云计算进行了解读，是一部对云计算进行深入、全面解码的力作。 ——田溯宁，宽带资本董事长,电子工业出版社,¥29.40,15条评论,width: 100%;

许江林, /2004-01-01,项目管理核心资源库。 本书的作者都是在著名IT跨国公司从事过多年项目管理工作的高级项目经理。凭借她们多年积累的工作经验和多次培训的积累，本书作者从一个咨询者的角度出发，向在IT公司从事项目管理的同行们介绍了一套适用于大部分IT项目的项目管理流程，同时包含了项目经理日常需要的工具和模板,电子工业出版社,¥27.70,21条评论,width: 80%;

诺伯特·韦尔蒂, /2003-07-01,如果你正在参与ERP项目的实施，本书对你来说是不可或缺的，因为它通过一个大型SAP R3实施项目的案例研究，提供实用性建议，成功项目管理的关键因素和若干实用工具。所有这些都可随时应用到项目上，以确保你的项目取得成功。,机械工业出版社,¥22.50,1条评论,width: 60%;

ArtEyes设计工作室, /2017-12-01,,人民邮电出版社,¥253.00,0条评论,width: 0%;

,,,,¥60.00,0条评论,width: 0%;

周爱民, /2012-06-01,作者畅销著作《大道至简》姊妹篇 以软件工程为体系、以组织结构为视角 内容视角独特、语言轻松易懂 面向多类读者、探讨实践者的思想,人民邮电出版社,¥54.50,104条评论,width: 90%;

汪定伟, /2003-07-01,针对敏捷制造新的功能要求，在国家计划CIMS主题的支持下，作者及其领导的课题组设计并开发了一个实验性的面向敏捷制造的ERP软件系统，简称为AM/ERP。该系统除具有一般ERP软件的主要功能外，还能够支持敏捷制造的“机遇驱动”的运作方式和动态联盟的组成与清算模式。针对AM/ERP的需要，作者对其中相关的若干**化问题进行了探讨，提出了若干问题的基本数学模型，并对相应的求解方法、基本问题的扩展、模型的具体算法和性能进行了分析和讨论。,机械工业出版社,¥18.20,23条评论,width: 100%;

, /2017-01-01,,人民邮电出版社,¥477.98,0条评论,width: 0%;

凯西·施瓦尔贝, /2011-01-01,本书自2002年第l版在中国引进出版以来为项目管理知识体系在中国的普及和发展做出了卓有成效的贡献，产生了很大的影响。第6版采用了**的《项目管理知识体系指南》(第4版)。详细描述了一些新的流程，并提供了许多具体的操作细节和实例，并且体现了PMP考试的**变化。本书是运用9大项目管理知识领域(包括项目集成管理以及范围、时间、成本、质量、人力资源、沟通、风险和采购管理)以及全部5个过程组(包括启动、计划、执行、控制和收尾)的一本经典教科书，为管理IT项目提供了坚实的框架和内容。 本书可供信息管理与信息系统、管理类和信息技术类专业本科生和研究生，项目管理工程硕士与MBA等相关专业学位研究生及管理培训班学员学习参考，也可供IT项目管理人员、软件开发人员及企事业单位的管理人员参考。 大师经典 原味呈现！ （美）凯西.施,机械工业出版社,¥45.80,1872条评论,width: 90%;

菲利普斯, /2011-05-01,,机械工业出版社,¥46.60,130条评论,width: 90%;

特纳, /2013-05-01,,电子工业出版社,¥37.40,1条评论,width: 0%;

池娇, /2017-01-01,,电子工业出版社,¥83.90,0条评论,width: 0%;

唐晓波, /2008-01-01,,科学出版社,¥19.30,59条评论,width: 90%;

乔丹, /2006-12-01,,清华大学出版社,¥37.90,4条评论,width: 80%;

程大伟, /2012-02-01,由程大伟主编的《IT行业求职指南》整理和汇总了各大IT企业**面试题型的讲解，囊括了写作团队成员宝贵的经验分享、详尽的求职引导，重复度非常高的笔试和面试题目总结在本书技术部分中，可以为希望踏入IT名企的读者朋友带来广阔的视野拓展。,电子工业出版社,¥30.80,11条评论,width: 100%;

程大伟, /2012-02-01,,电子工业出版社,¥23.40,117条评论,width: 90%;

左天祖, /2004-03-01,中国、美国、英国、荷兰和加拿大五国专家共同参与！国际IT服务管理论坛（isSMF）主席作序！一个正在兴起的领域，一本广受支持的权威之作！企业在实施服务管理时应当谨记一点，那就是服务管理方案本身也应该不断改进。对IT系统的管理不可能达到完美境界，企业应该随着所处环境的变化不断地追求卓越！《中国IT服务管理指南》的出版，将为IT服务管理在中国的推广、普及和运用增添新的动力。对中国的信息化而言，这将是一本里程碑式的书，因为ITIL打开了IT与业务融合的关键之门。,北京大学出版社,¥22.90,9条评论,width: 70%;

程大伟, /2012-02-01,由程大伟主编的《IT行业求职指南》整理和汇总了各大IT企业**面试题型的讲解，囊括了写作团队成员宝贵的经验分享、详尽的求职引导，重复度非常高的笔试和面试题目总结在本书技术部分中，可以为希望踏入IT名企的读者朋友带来广阔的视野拓展。,电子工业出版社,¥23.40,13条评论,width: 100%;

王友宝, /2014-12-01,,北京交通大学出版社,¥30.00,3条评论,width: 0%;

Mull, /2011-06-01,Mull He所著的《互联网之达芬奇密码——浪潮揭秘与中国五亿网民互为影响的互联网DNA》通过十多年中国互联网产业各个发展阶段的“时间脉络”来梳理中国网民用户需求演进和互联网产业变革之间互为影响的关系，每一位读者都可以在这里得到属于自己的价值。历史对于我们的意义不只是一些传说和故事的堆叠，更应该是一面镜子，一面能够回放过去、立足现在、展望未来的镜子。在世界和中国这样一个互联网大同的趋势下，本书立意于整个产业历程，为你讲述和揭晓网民需求与互联网产业之间互为影响和变革的案例和道理，让你以全新的视角来看待自己、看待互联网、看待未来。,电子工业出版社,¥22.60,2条评论,width: 0%;

赵立威, /2012-01-01,,电子工业出版社,¥28.50,6条评论,width: 0%;

刘博, /2011-10-01,在企业里如何修炼自己? 怎样做到“世事洞明”和“人情练达”? 如何“搞定老板”?怎样做到工作和生活平衡? 诸多热门话题，老刘为你一一道来。,清华大学出版社,¥33.80,1015条评论,width: 80%;

雷万云, /2012-01-01,本书精辟深刻地归纳了信息化建设的方法论，是站在战略高度指导信息化建设的实践之作； 本书提出了信息化建设四部曲：IT规划、IT管控、IT标准和信息资源管理、关键项目建设； 提出了信息化和智慧企业建设的六要素：标准、整合、集中、协同、敏捷、绩效。,清华大学出版社,¥62.40,289条评论,width: 90%;

安布里什, /2013-01-01,,电子工业出版社,¥88.20,0条评论,width: 0%;

皮埃罗·斯加鲁菲, /2017-02-03,,中信出版社 人民邮电出,¥95.00,9条评论,width: 100%;

中国标准出版社第四编辑室, /2009-03-01,暂时没有内容,中国标准出版社,¥85.20,0条评论,width: 0%;

乔治·韦斯特曼, /2011-09-01,乔治 韦斯特曼和理查德 亨特所著的这本《it风险》呈现了it风险的破坏性。it已经日益成为企业经营成功的核心。但是很多企业还没有调整他们的it决策和风险管理流程，这些弱点侵蚀企业的利润，消弱企业的竞争优势。该书通过引用大量企业案例，确立了企业必须控制好的三个核心领域，从而才能有效管理it风险。,商务印书馆,¥19.40,0条评论,width: 0%;

张文, /2003-11-01,本书收录的案例均具有极强的时效性，其内容涉及ERP系统、CRM系统、集中财务管理信息系统和HR系统等项目，“白描”式的记录方法将*真实的项目实施过程呈现在读者眼前。这些特点使本书成为研究人员、企业管理者等了解国内企业信息化现状、从中发现问题并吸取经验教训的良好参考。 本书读者对象包括：对ERP、CRM感兴趣的企业管理者、信息化工作者、工商管理硕士、中高级经理管理培训学员、研究生、本科高年级学生等。,清华大学出版社,¥39.30,0条评论,width: 0%;

吴军, /2017-07-21,,人民邮电出版社,¥72.00,2条评论,width: 0%;

施奈德曼, /2006-03-01,,商务印书馆,¥15.80,42条评论,width: 100%;

腾讯游戏频道, /2012-09-01,,清华大学出版社,¥34.20,0条评论,width: 0%;

拉尔曼, /2004-11-01,,中国电力出版社,¥31.40,31条评论,width: 90%;

不详, /2016-04-01,,电子工业出版社,¥125.50,0条评论,width: 0%;

徐亮, /2017-09-01,,机械工业出版社,¥91.00,2条评论,width: 0%;

虚拟化与云计算小组, /2011-05-01,,电子工业出版社,¥21.00,11条评论,width: 0%;

不详, /2017-01-01,,电子工业出版社,¥160.00,0条评论,width: 0%;

尤顿, /2015-04-01,他们来自谷歌、微软、卡夫食品、施乐、美国国防部、纽约泛欧证券交易所、DTE能源、英国电信集团…… 16位全球**影响力的CIO，分享成功企业的IT管理经验。 读者还可阅读《创意型领袖：从CEO到DEO》、《图解CIO工作指南》来了解更多相关内容。,人民邮电出版社,¥34.22,0条评论,width: 0%;

张云川, /2014-01-01,,武汉理工大学出版社,¥7.90,10条评论,width: 100%;

李维, /2003-04-01,本书的内容主要基于我个人的回忆和看法，没有任何特别的偏见。许多历史资料来自我的记忆以及很多相关人的叙述和诉说，也许细节之处不是百分之百的正确，不过我可以保证这些内容的可信度。也许有一些历史事件确定的发生时间和顺序不一定与我的记忆完全一致，但相信大部分应该出入不大……,电子工业出版社,¥22.10,2条评论,width: 90%;

顺风, /2006-08-01,,东南大学出版社,¥24.80,14条评论,width: 60%;

飞思科技产品研发中心, /2004-08-01,,电子工业出版社,¥28.40,38条评论,width: 80%;

韩伟, /2014-01-01,暂时没有内容,电子工业出版社,¥25.90,0条评论,width: 0%;

朱海林, /2006-08-01,本书与您一起探讨IT管理中的流程、人、产品等核心问题，它将帮助您实现从技术到管理的转型！ IT已经成为企业价值链中不可或缺的重要一环。本书围绕国内企业信息化建设管理过程中急需解决的成本和效益、风险和控制等问题，系统地介绍了基于国际标准和代表国际发展趋势的IT管理与控制的整套体系，提供了丰富的管理流程、考核指标、组织结构等参考样例。,机械工业出版社,¥18.40,17条评论,width: 90%;

李斗, /2005-02-01,采用一套完整、严格的针对信息系统需求的逻辑推导体系…… 提供一套解决软件问题的工业化方法…… 根据多年的实践经验，试图将企业信息化以及ERP系统实现方面，在概念有一个合理的划分…… 所有内容均建立在实际案例的基础上。,化学工业出版社,¥33.10,8条评论,width: 80%;

邓宁, /1998-12-01,,河北大学出版社,¥11.00,0条评论,width: 0%;

斯特尔曼, /2006-11-01,,东南大学出版社,¥33.20,11条评论,width: 100%;

萧秋水, /2013-08-30,微博微信营销宝典套装：微博控控微博（第2版）微信控控微信（第2版）（套装共2册）能帮你回答这几个问题： 我们究竟要面临一个怎样的时代？谁在乎你一天24小时都在干什么？围观到底能让世界产生怎样改变？.微博营销真的能够花小钱办大事？小米为什么这么青春？小米手机微博转发有水军吗？罗永浩和西门子大战的缘起、纠结、僵局与反思？微信，有哪些特色功能我还不知道？微信营销，领先者都是怎样玩的？微信会不会像微博，刷屏浪费我太多时间？我的企业的产品和服务是否适合微信推广？微信真的那么强大吗？” 让我们一起看看微博微信营销宝典套装：微博控控微博（第2版）微信控控微信（第2版）（套装共2册）中捅破的那些秘密吧： 名人的粉丝数真是一个可靠的数字吗？一条微博到底能影响多少人？琢磨先生一夜爆,人民邮电出版社,¥67.60,917条评论,width: 90%;

国网山东省电力公司, /2015-12-01,,山东科学技术出版社,¥21.80,0条评论,width: 0%;

方兴东, /2004-03-01,他们醉里挑灯看剑，他们会当击水三千，他们谈笑间墙橹灰飞烟灭，他们忍把浮名换了浅斟低唱。他们风流雨打风吹去，他们是非成败转头空。方兴东、王俊秀聚数年之功精心打造，业内迄今惟一信史为你真实呈现！ IT史记，应是一部人的历史，个中人物就其对这个产业的推动作用而言，都无愧于英雄这个称谓，而也正是他们自身的丰富多彩成就了这个产业的波澜壮阔，他们或是以自己的独特创见开产业之风气，或是以石破天惊的发明令整个产业峰回路转，无论*后的结局是不名一文还是真金白银在手，都应在产业历史上为他们浓墨重彩地大书特书。作者将此次为文，称为一次“文明的冒险”，其在体例以及传主选择上的创新，都算得上有益的尝试，值得我们为其击节叫好！,中信出版社,¥24.00,2条评论,width: 90%;

亚当斯, /2013-01-01,编辑推荐 解析社交网络和社交行为*变化 帮助读者了解社交行为及如何将社交行为应用于未来商业运作 Facebook品牌设计总负责人、前谷歌高级UX研究科学家著作 大量来自Facebook的真实案例，帮助你思科如何利用社交行为,人民邮电出版社发行部,¥22.60,0条评论,width: 0%;

吴涵碧, /2015-01-01,,新世界出版社,¥230.00,0条评论,width: 0%;

ArtEyes设计工作室, /2017-12-01,,人民邮电出版社,¥245.00,0条评论,width: 0%;

菲利普斯, /2005-09-01,"本书对于规划和操控成功的IT项目提出了专家级的建议,细致论述了IT项目管理从开始到结束的整个过程。第2版删改了一些抽象的概念，增加了更具体，更可操作的概念，对整个IT项目管理的阐述更加系统化和完整化。 本书内容:定义项目目标并创建项目章程；建立一个可行的计划并创建优先级列表；确定策略并获得预算资金； 协同管理层工作并确定角色；确定项目花费，包括估算所需的时间；组建项目团队——在利用外部资源的同时，也要评估内部人员技能能； 委派责任并有效管理项目进度表；解决纷争——同时解决项目延误和预算超支问题；跟踪项目进展并进行质量测试；维护领导权威并使团队成员努力取得项目的成功。",机械工业出版社,¥31.60,25条评论,width: 80%;

刘涛, /2013-08-01,,电子工业出版社,¥22.10,6条评论,width: 0%;

＠萧秋水, /2012-09-01,新版套装已上市，推荐购买：微博微信营销宝典套装：微博控控微博（第2版）微信控 控微信（第2版）（套装共2册）左手微博，右手微信，双剑合璧，一脉相承，接地气，纯实操，独此一家，别无分号 《微博控控微博》并不想鼓吹微博有多么神奇，它用理性的视角用数据说话，告诉大家： 微博是一个工具，想让微博在生活中和工作中发挥巨大作用，需要理念，更需要方法、工具和新思路。 是的，超高的转发，众多的粉丝，好评的人气，想获得这一切都是有方法的，《微博控 控微博》将一次全都告诉你。 让我们一起看看《微博控 控微博》中捅破的那些秘密吧： 名人的粉丝数真是一个可靠的数字吗？一条微博到底能影响多少人？琢磨先生一夜爆红的秘密？给孩子开微博好吗？这真是人人都有麦克风的时代？微博加粉15招；如何防止掉粉？如何处,人民邮电出版社,¥27.50,0条评论,width: 0%;

吴湖帆, /2017-01-01,,北京工艺美术出版社,¥211.00,0条评论,width: 0%;

陈启申, /2005-05-01,第二版进一步剖析ERP同其他应用系统之间的关系，增加对“以财务为中心”等涉及软件设计思想的讨论。在推行ERP的主要问题中，增加了大中小集成的讨论。对各个章节的一些重点问题做了补充叙述，如提前期、JIT和看板作业、MES、APS等。此外，补充了一版遗漏的参考文献。 《ERP——从内部集成起步》一书是陈启申先生十几年来潜心研究的总结。全书结构严谨、内容丰富、深入浅出、通俗易懂，是我国ERP应用领域和企业信息化建设领域中一本很好的专业书籍。 -中国电子学会ERP专委会副主任 金达仁,电子工业出版社,¥35.50,1386条评论,width: 90%;

唐绪军, /2017-06-01,,中国社会科学出版社,¥61.60,0条评论,width: 0%;

Kevin, /2012-11-01,,电子工业出版社,¥30.90,0条评论,width: 0%;

,,,,¥60.00,0条评论,width: 0%;

撒旦斯, /2007-12-01,,清华大学出版社,¥35.50,63条评论,width: 80%;

阎毅, /2014-08-01,,西安电子科技大学出版社,¥18.00,1条评论,width: 0%;

Wayne, /2013-05-01,1.LinkedIn（http://www.linkedin.com/）是一个面向商业客户的社交网络服务。Linkedin在国内的用户量近百万，对于职业人士和高端白领，LinkedIn是打造个人品牌形象和职业生涯的重要窗口。 2.作者是知名的社交网络专家，曾给美国很多企业培训LinkedIn的使用，本书英文版在Amazon进入畅销榜。 3.采用实际的图例，展示了如何使用LinkedIn的各项功能，创建富有竞争力的个人简历，迅速拓展自己的人脉，获得有价值的推荐和机会。,人民邮电出版社,¥16.82,2条评论,width: 0%;

单研, /2018-02-01,,人民邮电出版社,¥136.00,0条评论,width: 0%;

梁刚, /2016-09-01,,北京邮电大学出版社有限公司,¥30.80,4条评论,width: 0%;

向传杰, /2004-04-01,本书理论浅显易懂，ERP程序功能丰富，通过阅读本书和实际操作本书所提供的ERP系统，读者可以迅速掌握开发ERP的基本步骤和开发技巧，增加软件开发的实战经验。,电子工业出版社,¥19.20,4条评论,width: 60%;

葛洛蒂, /1999-10-01,社会正在发生巨大变革，从原子到比特的飞跃已是势不可挡，正在经历一场关键的转折，新的全球社会环境下，一个迫在眉睫的现实便是一个竞争年代的出现。面对富含机遇，且不满艰险荆棘的新型社会，避垒正在瓦解，格局正在坍塌，数字化的性质和任务发生了巨大的变化，偌不能有效实现转轨，就会被无情地淘汰，我们正处在一场改变我们的观念、思维、学习、工作及成功方式的变革中，本丛书是你主宰新时代命运，改变根深蒂固的思维、知识和观念的利器，提供给你变革年代全面成功计划与解决方案。,,¥14.90,0条评论,width: 0%;

照心, /2012-10-01,预定图书送搜狐正版狐狸公仔一个，数量有限！送完为止！ 凭预定截屏，发往如下邮箱： laix@tup.tsinghua.edu.cn 礼品由出版社快递。,清华大学出版社,¥24.00,69条评论,width: 90%;

施奈德曼, /2006-03-01,,中国商务出版社,¥14.70,0条评论,width: 0%;

Sieg, /2002-05-01,本文提出的是一个尖锐而又发人深思的问题。我们的“科普”之所以变得“科”而不“普”，其症结是否就在这里？近日斯蒂芬·霍金访华所引起的轰动，也使我们不得不思量科学普及与明星效应的关系。明星效应即流行文化。让科普成为流行文化，需要多方面的努力，首要的当然是观念的变更。作者在文中提出变“寓教于乐”为“乐字当头”等观点，均新颖独到，值得作进一步的探讨。,上海科学技术出版社,¥15.00,0条评论,width: 0%;

葛洛蒂, /1999-10-01,社会正在发生巨大变革，从原子到比特的飞跃已是势不可挡，正在经历一场关键的转折，新的全球社会环境下，一个迫在眉睫的现实便是一个竞争年代的出现。面对富含机遇，且不满艰险荆棘的新型社会，避垒正在瓦解，格局正在坍塌，数字化的性质和任务发生了巨大的变化，偌不能有效实现转轨，就会被无情地淘汰，我们正处在一场改变我们的观念、思维、学习、工作及成功方式的变革中，本丛书是你主宰新时代命运，改变根深蒂固的思维、知识和观念的利器，提供给你变革年代全面成功计划与解决方案。,,¥14.90,0条评论,width: 0%;

赵群, /2010-03-01,《地理信息系统及其在园林中的应用》主要内容注重介绍地理信息系统的理论和地理信息系统在农林业中的应用，使园林和林学等相关专业人员，在学习地理信息系统理论的同时，了解其在农林业中的应用，能够更好地掌握这门技术。本教材在选材和内容表达上尽量做到简明通俗，注重实用，适合初、中、高级技术人员和大专院校师生参考和阅读。本书由郭丽萍、赵群等编写。,气象出版社,¥19.00,0条评论,width: 0%;

曾红卫, /2012-02-01,暂时没有内容,北京理工大学出版社,¥20.40,0条评论,width: 0%;

张吉平, /2014-04-01,,大连海事大学出版社,¥16.50,1条评论,width: 0%;

比尔顿, /2014-03-01,《翻转世界》是一本走在时代前沿的书，它教你如何适应科技与数码产品日新月异的发展，如何在这样的时代中拔得头筹。 作者尼克·比尔顿是《纽约时报》科技和商业版专栏作家，曾任《纽约时报》研究与发展实验室研究员，他的专业性使得他对当前科技发展动态的分析十分精准，值得认真研读。 《连线》杂志好评推荐，brainpickings.org推荐2010年商业、生活、思想类十大必读好书之一。互联网革命最伟大的思考者”克莱?舍基；《纽约时报》畅销书《想象》作者乔纳?莱勒；《连线》杂志专栏作家，特约编辑克莱夫?汤普森倾情推荐。湛庐文化出品。 更多好书尽在湛庐文化,浙江人民出版社,¥34.90,0条评论,width: 0%;

叶美兰, /2015-03-01,暂时没有内容,中国社会科学出版社,¥49.50,0条评论,width: 0%;

麻省理工科技评论, /2018-07-04,,人民邮电出版社,¥199.00,0条评论,width: 0%;

庐七, /2017-01-01,,化学工业出版社,¥113.00,0条评论,width: 0%;

汪国章, /2003-01-01,20世纪末期，世界已进入经济全球化和互联网时代，传统的商务模式已跟不上时代前进的步伐。电子商务作为传统商务模式与电子通信技术手段相结合而形成新的商务活动形式，越来越受到世人的关注。传统企业只有通过应用电子商务加强竞争优势，才有生命力和前途。为此，必须首先进行“传统企业”的信息化工作，没有这个基础就“无商可务”或是“有商难务”，而建立ERP系统正是当前信息化管理基础的重中之重。在中国已加入WTO、经济全球化和全球市场竞争的背景下，中国企业引入ERP的管理理念已迫在眉睫，对人才也提出了更高的要求。为了使高等职业院校的学生全面地了解和掌握ERP的基本知识、基础理论，我们编写了这本书，供课堂教学和实践教学使用。,电子工业出版社,¥13.50,0条评论,width: 0%;

, /2017-01-01,,人民邮电出版社,¥491.00,0条评论,width: 0%;

吴涵碧, /2015-01-01,,新世界出版社,¥225.20,0条评论,width: 0%;

吴湖帆, /2017-01-01,,北京工艺美术出版社,¥215.00,0条评论,width: 0%;

ArtEyes设计工作室, /2017-12-01,,人民邮电出版社,¥245.00,0条评论,width: 0%;

不详, /2017-01-01,,电子工业出版社,¥160.50,0条评论,width: 0%;

张绍博, /2013-04-01,,电子工业出版社,¥57.00,0条评论,width: 0%;

吴湖帆, /2017-01-01,,北京工艺美术出版社,¥214.20,0条评论,width: 0%;

, /2017-01-01,,人民邮电出版社,¥148.00,0条评论,width: 0%;

吴涵碧, /2015-01-01,,新世界出版社,¥227.00,0条评论,width: 0%;

吴湖帆, /2017-01-01,,北京工艺美术出版社,¥214.20,0条评论,width: 0%;

, /2017-01-01,,人民邮电出版社,¥477.98,0条评论,width: 0%;

北京神州泰岳软件股份有限公司, /2008-04-01,,北京邮电大学出版社有限公司,¥19.30,88条评论,width: 80%;

麦克·科尔, /2016-06-01,军事题材的小说一直都是小说中的一大热门题材，加之近几年靠前军事题材的电视剧热映，大众对 该题材的关注度较高。本丛书在传统军事题材中加入了超能力元素，同时满足了喜好传统军事题材 和奇幻题材的读者群。随着大众对靠前政治、经济和军事的关注度的不断提升，军事题材（尤其是 特种兵类）的受众年龄层也得到了有力的扩张，如《我是特种兵》国剧。而《英雄》《X战警》《 复仇者联盟》等电影剧集在靠前的持续大热也使“超能力”成为读者熟悉并乐于接受的设定。,清华大学出版社,¥31.50,0条评论,width: 0%;

栾跃, /2005-08-01,,上海交通大学出版社,¥53.70,143条评论,width: 90%;

王颖吉, /2006-12-01,,广西师范大学出版社,¥11.30,5条评论,width: 100%;

卢向南, /2004-01-01,项目是一次性的、临时性的任务。人类从远古开始就执行着各种各样的项目。项目管理从经验走向科学，大致经历了潜意识的项目管理、传统的项目管理和现代项目管理几个阶段。目前，项目管理在各行各业已得到广泛的应用，从*初的建筑、航天、国防等领域推广到医药、金融、IT、政府部门等各个领域。,机械工业出版社,¥18.80,3条评论,width: 100%;

于艳华, /2009-07-01,校企共建工作过程系统化教材 完整的企业测试工作过程，使学习者身临其境，易于掌握 以真实软件测试流程设计测试计划、测试用例、测试执行、测试总结 电子教案、多媒体课件、测试案例网上共享，学习资源丰富,电子工业出版社,¥18.70,38条评论,width: 90%;

用友软件股份有限公司, /2003-03-01,信息技术的飞速发展，全球市场的形成，加上行业竞争的白热化，使ERP再次成为热点，从而引发对新一代ERP人才的强势需求。新一代ERP人才的特征包括实践与理论并重、具备全局观念，本书的初衷就是探索新的实践教学模式。本教程共包括6篇24章，讲述了系统概述、日常业务处理和上机实验等内容，其中上要实验部分是全书的重点。本书适合作为各类管理人员或ERP原理与应用读本的配套试验用书使用。 本书由机械工业出版社出版。未经出版者书面许可，不得以任何方式抄袭、复制或节录本书中的任何部分。,机械工业出版社,¥25.30,0条评论,width: 0%;

黄柳青, /2004-11-01,,世界图书出版公司,¥13.50,1条评论,width: 100%;

方兴东, /2004-01-01,IT史记，应是一部人的历史，个中人物就其对这个产业的推动作用而言，都无愧于英雄这个称谓，而也正是他们自身的丰富多彩成就了这个产业的波澜壮阔，他们或是以自己的独特创见开产业之风气，或是以石破天惊的发明令整个产业峰回路转，无论*后的结局是不名一文还是真金白银在手，都应在产业历史上为他们浓墨重彩地大书特书。作者将此次为文，称为一次“文明的冒险”，其在体例以及传主选择上的创新，都算得上有益的尝试，值得我们为其击节叫好！,中信出版社,¥24.80,4条评论,width: 100%;

查普曼, /2004-08-01,这是一本由作者亲身经历写就的MBA式教案。书中有许多鲜为人知的商战细节，妙地横生的文化背景和发人深省的格言警句，让读者在一份轻松愉快中体会到高科技竞争的本质。,电子工业出版社,¥26.30,1条评论,width: 80%;

格雷, /2005-05-01,由著名项目管理专家Clifford F.Gray和资深管理学教授Erik W.Larson合作撰写的这部Projectt Management一问世即受到广泛关注。其英文原版被北京大学、复旦大学、北京航空航天大学、北京交大、上海大学、暨南大学、江西财大等国内多所高校选为双语教学教材。由人民邮电出版社新曲线公司和麦格-希尔教育出版公司创新的这一“双语教学版”模式能够更好地满足教与学的需要。 我们希望结合我们合计50年的国内外项目管理教学和实验经验，为我们的读者提供一本有着总体整合视角的项目管理教科书。我们将本书定位于广泛的读者群，包括学生、项目经理、公司高管人员、管理咨询与分析人员等。而且我们强调的不仅仅是项目管理的过程，更重要的是它为何能起作用；我们所用的概念、原则和技术是普遍适用的。 ——本书作者，俄勒冈州立大学商学院名,人民邮电出版社,¥54.50,49条评论,width: 80%;

张亚勤, /2003-11-01,《中国智慧》一书是微软亚洲研究院全体同仁的智慧结晶，它的主要内容来源于研究院内部刊物的一个栏目——院长话题，这个栏目真实记录了研究院在发展过程中所遇到的问题和思想理念的沉积。我们希望通过此次结集出版，与大家分享在研究院的发展历程中我们获得的一些经验和收获，并与大家一起探讨中国信息产业未来的发展趋势。,电子工业出版社,¥18.00,2条评论,width: 90%;

罗伊斯, /2002-10-01,,高等教育出版社,¥23.70,0条评论,width: 0%;

冯佺光, /2006-08-01,,东方出版社,¥30.00,9条评论,width: 70%;

陆群, /2007-09-01,,清华大学出版社,¥22.10,2条评论,width: 70%;

寿芒利, /2013-11-01,,人民邮电出版社,¥28.10,0条评论,width: 0%;

曹伟, /2010-06-01,,法律出版社,¥20.25,0条评论,width: 0%;

汪定伟, /2003-07-01,,机械工业出版社,¥17.00,0条评论,width: 0%;

钟民, /2007-11-01,,清华大学出版社,¥20.50,3条评论,width: 0%;

阿伦·拉奥皮埃罗·斯加鲁, /2016-09-01,,人民邮电出版社,¥146.00,0条评论,width: 0%;

不详, /2016-04-01,,电子工业出版社,¥126.00,0条评论,width: 0%;

池娇, /2017-01-01,,电子工业出版社,¥85.00,0条评论,width: 0%;

池娇, /2017-01-01,,电子工业出版社,¥82.50,0条评论,width: 0%;

王太雷, /2015-09-01,本书是为非计算机专业（本科、专科）的计算机入门课程“大学IT教程”而编写的教材，取材新颖实用，面向教学过程，突出建立计算机的基本概念和培养实际操作的能力。,人民邮电出版社,¥38.20,2条评论,width: 100%;

邹景平, /1999-03-01,保守估计，防治千禧虫可能需要6000亿美元。千禧早危机又是转机。本书让你*快地了解这个“千载难逢”的问题的由来，可能造成的影响，并系统地提供对策的读息，帮你作好防备，轻松迎接千禧年的晨曦。,生活.读书.新知三联书店,¥5.30,0条评论,width: 0%;

田文洪, /2014-02-01,,电子工业出版社,¥46.60,0条评论,width: 0%;

方兴东, /2004-01-01,IT史记，应是一部人的历史，个中人物就其对这个产业的推动作用而言，都无愧于英雄这个称谓，而也正是他们自身的丰富多彩成就了这个产业的波澜壮阔，他们或是以自己的独特创见开产业之风气，或是以石破天惊的发明令整个产业峰回路转，无论*后的结局是不名一文还是真金白银在手，都应在产业历史上为他们浓墨重彩地大书特书。作者将此次为文，称为一次“文明的冒险”，其在体例以及传主选择上的创新，都算得上有益的尝试，值得我们为其击节叫好！,中信出版社,¥16.50,3条评论,width: 90%;

刘静, /2003-10-01,本书不仅可以作为微软视窗应用学习中心（MLC）的辅导材料，还可以作为项目管理的初学者、具备初步的项目管理知识，但缺乏实践的项目经理以及没有使用过或者使用Microsoft Project不熟练的人员的指导教材。,科学出版社,¥15.80,0条评论,width: 0%;

方兴东, /2004-03-01,读《IT史记》，观时代风云，览数字英雄。一部信息超浓缩、文笔传神的人物传记。阅读这部书，犹如观看一部壮丽的百年IT英雄史诗。 他们醉里挑灯看剑，他们会当击水三千，他们谈笑间墙橹灰飞烟灭，他们忍把浮名换了浅斟低唱。他们风流雨打风吹去，他们是非成败转头空。方兴东、王俊秀聚数年之功精心打造，业内迄今惟一信史为你真实呈现！,中信出版社,¥27.80,2条评论,width: 80%;

凯西·施瓦尔贝, /2009-01-01,暂时没有内容,机械工业出版社,¥33.60,0条评论,width: 0%;

陈国青, /2014-12-01,暂时没有内容,清华大学出版社,¥18.60,0条评论,width: 0%;

叶美兰, /2015-03-01,,中国社会科学出版社,¥43.50,5条评论,width: 0%;

卡纳特, /2013-01-01,编辑推荐 没有人喜欢复杂的东西，所以软件开发的简约之道一定会受读者青睐。本书作者Max Kanat-Alexander创建的关于Linux的简约单页网站Unofficial Fedora FAQ，月访问量超过10万人次。本书作者还是著名的开源Bugzilla Project的首席架构师、社区创始人和发布经理。,人民邮电,¥18.50,0条评论,width: 0%;

郭永宏, /2013-12-01,,中国和平出版社,¥24.80,11条评论,width: 100%;

马帅, /2004-08-01,,中国海关出版社,¥13.00,3条评论,width: 80%;

CTO训练营, /2017-03-01,,人民邮电出版社,¥104.00,0条评论,width: 0%;

陈伟, /2005-09-01,,兵器工业出版社,¥19.80,9条评论,width: 100%;

李之杰, /2016-11-01,暂时没有内容,北京科学技术出版社,¥60.60,0条评论,width: 0%;

彼得, /2017-07-01,暂时没有内容,机械工业出版社,¥33.30,0条评论,width: 0%;

池建强, /2015-11-01,暂时没有内容,人民邮电出版社,¥26.10,0条评论,width: 0%;

威廉姆斯, /2014-04-01,理查德马修斯托曼是IT界传奇人物、自由软件之父，他是自由软件运动的精神领袖、GNU计划以及自由软件基金会的创立者。理查德马修斯托曼多次来过中国做宣传和演讲，具有非常高的知名度。在国内有大批的拥趸。 这本斯托曼的传记为人们描绘了一位计算机界的奇才。然而，与那些硅谷创业故 事不同，这里没有一夜暴富的上市传奇，没有商场战场的尔虞我诈，更不会看到主人 公的圆满谢幕。 国内外众多IT知名人士，包括万维网创始人蒂姆伯纳斯-李，Linux之父林纳斯托瓦兹、CSDN创始人蒋涛、知名IT人徐继哲等鼎力推荐。,人民邮电出版社,¥28.42,1条评论,width: 0%;

@萧秋水, /2013-09-01,"""font-size: small;"">推荐购买套装： ""http://product.dangdang.com/23327358.html"">微博微信营销宝典套装：微博控 控微博（第2版）微信控 控微信（第2版）（套装共2册）左手微博，右手微信，双剑合璧，一脉相承，接地气，纯实操，独此一家，别无分号 《微博控》姐妹篇，一本让你买了不后悔的“微信推广”实战书。 微信一下子就火了起来了！ 微信怎么用？什么样的商家适合做微信营销？ 的确太多人在手机上装了微信，但是他们却不了解微信到底能干什么？ 的确太多企业在了解微信，但是他们却不知道微信能否助力自己的业务发展。 “微信，有哪些特色功能我还不知道？ 微信营销，领先者都是怎样玩的？ 微信会不会像微博，刷屏浪费我太多时间？ 我的企业的产品和服务是否适合微信推广？ 微",人民邮电出版社,¥28.42,0条评论,width: 0%;

照心, /2012-10-01,预定图书送搜狐正版狐狸公仔一个，数量有限！送完为止！ 凭预定截屏，发往如下邮箱： laix@tup.tsinghua.edu.cn 礼品由出版社快递。,清华大学出版社,¥19.80,0条评论,width: 0%;

麻省理工科技评论, /2017-07-01,,人民邮电出版社,¥140.00,0条评论,width: 0%;

郭靓, /2013-01-01,营在微博 运营商观点**书 洞察品牌趋势?推动营销转型?翔实分析案例?系统提供方法 宽广视野，精准分析；实战引导，步步为营——赢在微博！ 推荐购买： CDN技术详解 推荐购买： 云计算解码（第2版） 推荐购买： 定位技术 推荐购买： “魔”式为王：赢在移动互联网时代 推荐购买： 营在微博：企业微博营销实战宝典(全彩精印) 推荐购买： 面向应用的智能管道关键技术新解 推荐购买： 大数据——大价值、大机遇、大变革(全彩) 推荐购买： SDN核心技术剖析和实战指南 推荐购买： 构建运营级LTE网络 推荐购买： 电信级IPRAN实现——面向LTE规模运营的移动基站回传综合承载指引 推荐购买： 移动互联网环境下的,电子工业出版社,¥54.50,181条评论,width: 90%;

DeMarco, /2004-03-01,,清华大学出版社,¥23.50,8条评论,width: 90%;

刘西曼, /2012-01-01,,电子工业出版社,¥28.40,227条评论,width: 90%;

刘徽, /2013-01-01,,电子工业出版社,¥46.60,0条评论,width: 0%;

两化融合管理体系工作领导小组, /2017-01-01,本书对《国务院关于深化制造业与互联网融合发展的指导意见》的战略定位、主要内容和工作部署进行了全面阐述，对我国制造业发展机遇和挑战、互联网与制造业融合发展趋势、创新驱动发展战略、全面深化国有企业改革等若干重要问题进行了解读。,电子工业出版社,¥68.00,0条评论,width: 0%;

王雄, /2016-06-01,1.该书作者都是多年从事通信网络研究的学者，对未来通信网络的构架和资源管理方法具有非常深厚的积累。2.科研工作的理想参考书。3.注重理论基础知识和新工程实践之间的平衡。 4.先进性和实用性的完美统一。,人民邮电出版社,¥68.00,0条评论,width: 0%;

刘绪崇, /2014-10-01,,湖南大学,¥24.70,0条评论,width: 0%;

张家为, /2012-11-01,避免常犯的错误 养成优良的习惯 破解密码，你也可以卓越起来,人民邮电出版社,¥20.30,0条评论,width: 0%;

温德尔.奥多姆, /2018-01-01,,人民邮电出版社发行部,¥100.30,0条评论,width: 0%;

辛鹏, /2014-06-01,,人民邮电出版社,¥138.00,0条评论,width: 0%;

周苏, /2017-01-01,对理工科（包括IT专业）的学生来说，应用文写作能力是十分重要的。本书基于社会实践的需求，为 IT应用文写作 和 科技应用文写作 课程全新设计编写，具有丰富的实践特色。本书重视理论性和实践性，以应用文写作为基础，结合科技应用文的要求和IT行业的建设需求，指导IT专业和科技应用文的写作实践。本书系统、全面地介绍了专业应用文写作的基本知识和技能，详细介绍了应用文写作基础、软件文档编制规范、规划计划类应用文、申请申报类应用文、招标投标类应用文、合同协议类应用文、报告说明类应用文、鉴定评议类应用文、学术论文与参考文献、文献综述以及毕业论文与答辩等内容，具有良好的指导和参考作用。结合课堂教学方法改革的要求，本书全新设计了课程教学过程，包括课前阅读、习作点评、案例研究、课程教学、课后习作和阅读思考等教,清华大学出版社,¥30.50,11条评论,width: 0%;

徐恪, /2009-01-01,,机械工业出版社发行室,¥44.20,0条评论,width: 0%;

温德尔.奥多姆, /2018-01-01,,人民邮电出版社发行部,¥100.30,0条评论,width: 0%;

薛华成, /2014-08-01,传奇而真实的经历，跌宕而现实的生活，挫折与成功，平凡与不凡。一路走来，既是一个无名灾童到信息先锋的成长之路，也是中国现代社会变迁和进步的真实写照。 从战乱年代，到解放后，再到21世纪的信息时代，主人公一路坚持不懈，一路乐观向上，从一名无名灾童成长为信息先锋。他并非有什么聪明天资，更没有优越的家庭条件。凭着坚定的信念、不懈的努力，他终于走通了一条成功之路，实现了自己的梦想。希望读者能从主人公的酸、甜、苦、辣中得到启发与激励，走出自己的成功之路。,清华大学出版社,¥19.60,0条评论,width: 0%;

马志刚, /2014-03-01,编辑推荐 《网络法律文库：中外互联网管理体制研究》结合多国互联网管理实践，结合我国实际情况，对我国互联网管理体制提出了建议，具有实践意义。,北京大学出版社发行部（电子）,¥42.90,0条评论,width: 0%;

李爱华, /2006-08-01,暂时没有内容,中国计量出版社,¥10.10,0条评论,width: 0%;

冯佺光, /2006-08-01,,东方出版社,¥30.40,0条评论,width: 0%;

孙锐, /2003-07-01,暂时没有内容,清华大学出版社,¥15.50,0条评论,width: 0%;

Jennifer, /2011-11-01,一个手无缚鸡之力又身无分文的人也完全能够掀起一场影响深远的社会变革，揭秘运用社会化媒体的四大制胜秘诀：专注、赢得关注、吸引人们参与，以及采取行动。包含盖普、星巴克、耐克、易趣网、Facebook等众多知名公司及创业公司的原始案例和研究分析。,机械工业出版社,¥29.30,181条评论,width: 90%;

美浓导彦, /2001-02-01,暂时没有内容,科学出版社,¥12.00,0条评论,width: 0%;

张真理, /2013-03-01,暂时没有内容,知识产权出版社,¥22.80,0条评论,width: 0%;

尹华山, /2013-12-01,编辑推荐 每一位程序员和项目经理的必读之书！IT职场至关重要的第二步！ 美国项目管理协会认证PMP十年IT项目管理经验凝聚本书。最短时间，获得他人十余年历练积累下来的IT项目管理经验与职场真经！ 想创业？没问题。但在创业之前，先成为一名优秀的项目经理。如果转不动一个项目，何以转动一个公司！ 每个人都是为了成就你而来到你的身边。作为程序员，作为自食其力意志坚定的IT食物链底层来的人，我将踏出这最大的一小步。作为项目经理，我将通过本书丰满我的技能，拨开项目管理的迷雾，或是从焦虑中醒来。 程序员到了30岁，怎样提高自己的不可替代性？下一步是卖水果、烙烧饼，还是往前再走一步？！光环效应 vs. 彼得定律的博弈结果？再一次，重新掌握时间与主动；管人的艺术与理事的方法，与桀骜不驯的灵魂打交道的策略；受控与绩效的,人民邮电,¥33.30,0条评论,width: 0%;

綦良群, /2016-02-01,普通高等院校信息管理与信息系统专业学生，普通高等院校或高等职业学院管理类、经济类专业学生，企事业单位信息管理人员和计算机软件开发管理人员,科学出版社,¥28.40,55条评论,width: 90%;

,,,,¥54.12,13条评论,width: 100%;

李婷, /2014-01-01,,电子工业,¥90.53,0条评论,width: 0%;

白瑞雪, /2014-01-01,,湖南科技,¥22.50,0条评论,width: 0%;

周霞蔚, /2012-12-01,周霞蔚编著的《网络侵权的冲突法问题研究》的主要内容是网络侵权的法律适用问题，并且是以国际私法的角度为切入点对网络侵权的法律适用进行全面系统的论述。从网络侵权的法律适用原则、法律选择方法以及连结点的确定等几方面人手，结合国内外相关立法以及司法实践进行系统的分析和论述，同时为我国的立法以及司法实践提出改善的建议和方法。本书的写作是以冲突法的角度为切入点，重点考察各国对涉外网络侵权法律适用的相关规定以及司法实践。从研究的角度来讲，脱离了传统民商法对网络侵权的研究定式，不仅实现了立论视角的转变，也实现了研究方法的更新。另外，传统冲突法规则在网络侵权中难以适用的关键就在于网络的虚拟性造成了侵权行为地以及当事人具体所在地在网络中无法确定。在本书中，笔者结合国际上最新的研究成果，从网络技,法律出版社,¥27.54,0条评论,width: 0%;

郭富才, /2005-01-01,,机械工业出版社,¥14.70,0条评论,width: 0%;

腾讯游戏频道, /2012-09-01,本书所有资料由腾讯游戏频道《游戏人生》栏目组独家提供，很多游戏业界大佬都是首次接受深度采访，可以说是中国游戏界**本重头大作。 豆瓣知名励志写手meiya精心为中国玩家量身打造11篇人生逆袭指南，不是高高在上的堂皇大论，而是我心知你心的知己直谏。 用青年视角评写游戏大佬们的逆袭人生，这本书中没有英雄，只有你点点脚就能并肩的逆袭榜样。 妙趣横生的游戏代入感插图与大佬们的独家秘照，一次性满足读者的阅读愉悦感与窥秘心理。,清华大学出版社,¥24.80,67条评论,width: 80%;

薛华成, /2014-08-01,传奇而真实的经历，跌宕而现实的生活，挫折与成功，平凡与不凡。一路走来，既是一个无名灾童到信息先锋的成长之路，也是中国现代社会变迁和进步的真实写照。 从战乱年代，到解放后，再到21世纪的信息时代，主人公一路坚持不懈，一路乐观向上，从一名无名灾童成长为信息先锋。他并非有什么聪明天资，更没有优越的家庭条件。凭着坚定的信念、不懈的努力，他终于走通了一条成功之路，实现了自己的梦想。希望读者能从主人公的酸、甜、苦、辣中得到启发与激励，走出自己的成功之路。,清华大学出版社,¥20.90,11条评论,width: 100%;

赖真, /2016-10-01,,同济大学出版社,¥26.60,0条评论,width: 0%;

丰景春, /2011-08-01,IT项目具有投资大、周期长、知识密集、高风险、阶段之间关系紧密、技术更新快等特点，这对IT项目管理提出了新的要求。IT项目因其应用领域、规模、类型、复杂性等方面的不同而在管理上存在较大的差异，因此，需要采用科学、有针对性的项目管理理论与方法。但是目前多数情况仍凭项目管理人员的经验加以管理，尚未形成像工程项目那样完整、成熟的项目管理理论与方法体系。现有的项目管理理论和方法体系难以完全适用IT项目管理的需要。为此，这本由丰景春、李明、王岩、黄德春编著的《IT项目管理理论与方法(第2版)》针对IT项目及其管理的特点，借鉴工程建设、航空航天等领域项目管理理论与方法，以及取得的成功经验，对IT项目管理进行了较为系统的研究，初步建立了IT项目管理的理论和方法框架体系。,北京交通大学出版社,¥28.40,21条评论,width: 100%;

安珀, /2017-09-01,,人民邮电出版社,¥26.40,0条评论,width: 0%;

陈中, /2012-06-01,58同城CEO姚劲波、酷讯网CEO张海军、乐淘CEO毕胜、摩卡世界CEO宋啸飞、爱帮网CEO刘建国、拉手网CEO吴波、热酷CEO刘勇、汉王科技董事长刘迎建、UC优视科技CEO俞永福、去哪儿网总裁庄辰超、**商城CEO刘强东、快钱CEO关国光、PPLive创始人姚欣、分众传媒CEO江南春、原新浪CEO、现点击科技董事长王志东、PPS总裁徐伟峰、暴风影音CEO冯鑫…… 晕了不？！全是腕儿！！ 见过一本书汇集这么多腕儿吗？ 现在就让你见见！！ 梦想照进现实——带你听听30位中国互联网企业家的创业故事！,清华大学出版社,¥28.50,226条评论,width: 90%;

谢耘, /2014-06-01,,清华大学出版社,¥40.70,4条评论,width: 100%;

蔡苏, /2013-03-01,,高等教育出版社,¥42.20,4条评论,width: 0%;

雷瑛, /2005-12-01,,高等教育出版社,¥12.40,0条评论,width: 0%;

刘毅, /2017-01-01,●饱含著名一线培训讲师的黄金经验 ●方法独特，提炼精辟 ●全新的思维导图，精心构建考点知识树 ●精心设计的100道关键题目，尽收考试攻防要点 ●告别题海战术，助您轻松考过 信息系统管理项管师考试,中国水利水电出版社,¥38.25,0条评论,width: 0%;

国家电网公司, /2010-10-01,暂时没有内容,中国电力出版社,¥39.00,0条评论,width: 0%;

陈婴虹, /2013-03-01,陈婴虹所著的《网络舆论与司法》共分九章探讨网络舆论与司法之间的诸多问题，其基本脉络是从基本理论出发，分析网络舆论与司法的矛盾、网络舆论影响司法的原因和影响的过程，然后建构两者之间的理性关系。本书的目的是厘清对司法公正与网络舆论的诸多误解，使得实践中网络舆论能够推动司法民主化、维护司法公正、更好地保护当事人的合法权益。,知识产权出版社,¥24.00,1条评论,width: 100%;

汤春蕾, /2013-11-01,,复旦大学出版社,¥27.30,1条评论,width: 0%;

曹健, /2018-07-01,,清华大学,¥50.56,0条评论,width: 0%;

刘毅, /2017-01-01,●饱含著名一线培训讲师的黄金经验 ●方法独特，提炼精辟 ●全新的思维导图，精心构建考点知识树 ●精心设计的100道关键题目，尽收考试攻防要点 ●告别题海战术，助您轻松考过 信息系统管理项管师考试,中国水利水电出版社,¥38.25,0条评论,width: 0%;

罗伯特·厄普德格拉夫, /2017-09-01,,清华大学出版社,¥87.00,0条评论,width: 0%;

麻省理工科技评论, /2018-07-01,,人民邮电出版社,¥200.00,0条评论,width: 0%;

麻省理工科技评论, /2016-11-01,,人民邮电,¥135.85,0条评论,width: 0%;

阿伦·拉奥, /2014-04-01,,人民邮电,¥62.37,0条评论,width: 0%;

郭忠文, /2017-03-01,,科学,¥33.41,0条评论,width: 0%;

池建强, /2014-02-01,,人民邮电出版社,¥90.00,0条评论,width: 0%;

, /2013-12-01,暂时没有内容,电子科技大学出版社,¥13.30,0条评论,width: 0%;

张兰, /2016-06-01,√ 什么来头，TimYang、阿朱等数十位互联网大咖集体站台力挺 √ 独角兽种子|极客明星|技术网红，37个响当当，37位铁铮铮 √ 技术与创业两种独特基因如何碰撞，不同答卷组成完整密码 √ 激情、偏执与疯狂，冷静、谋略与智商，没有成败只有成长,电子工业出版社,¥39.30,0条评论,width: 0%;

张清浦, /2005-01-01,暂时没有内容,科学出版社,¥11.70,0条评论,width: 0%;

,2015-03-01,《ArcGIS Engine 地理信息系统开发教程》最后提供了一个Esri大赛一等奖的获奖作品，供在校本科研究生学生参考，特别是对于将要参加大赛的同学来讲是一个难得的实例。对于刚刚踏入测绘地信行业的工作者来讲，很多工程项目都可以基于本实例进行修改和补充来完成自己的实际工程项目。,测绘出版社,¥43.20,0条评论,width: 0%;

不详, /2016-04-01,,电子工业出版社,¥125.50,0条评论,width: 0%;

邱平华, /2018-08-01,,电子工业,¥42.00,0条评论,width: 0%;

邱平华, /2018-08-01,,电子工业,¥42.00,0条评论,width: 0%;

杰夫·斯蒂贝尔, /2015-01-01,暂时没有内容,中国人民大学出版社,¥22.50,0条评论,width: 0%;

Kutner, /2014-09-01,,人民邮电出版社,¥39.00,0条评论,width: 0%;

邱平华, /2018-08-01,,电子工业,¥42.00,0条评论,width: 0%;

邱平华, /2018-08-01,,电子工业,¥42.00,0条评论,width: 0%;

不详, /2016-04-01,,电子工业出版社,¥125.00,0条评论,width: 0%;

, /2017-01-01,,人民邮电出版社,¥144.50,0条评论,width: 0%;

不详, /2016-04-01,,电子工业出版社,¥123.00,0条评论,width: 0%;

庐七, /2017-01-01,,化学工业出版社,¥111.00,0条评论,width: 0%;

王树文, /2018-07-01,,机械工业出版社,¥41.20,0条评论,width: 0%;

阿里巴巴集团成长集编委会, /2018-01-01,,电子工业出版社,¥45.00,0条评论,width: 0%;

吴涵碧, /2015-01-01,,新世界出版社,¥234.00,0条评论,width: 0%;

麻省理工科技评论, /2017-08-01,,人民邮电出版社,¥68.00,0条评论,width: 0%;

肯·费雪, /2017-08-25,,机械工业出版社,¥141.00,0条评论,width: 0%;

庐七, /2017-01-01,,化学工业出版社,¥112.00,0条评论,width: 0%;

庐七, /2017-01-01,,化学工业出版社,¥114.00,0条评论,width: 0%;

,,,,¥61.00,1条评论,width: 0%;

庐七, /2017-01-01,,化学工业出版社,¥111.50,0条评论,width: 0%;

肖建一, /2013-05-01,暂时没有内容,清华大学出版社,¥36.40,0条评论,width: 0%;

陈宏民, /2006-04-01,暂时没有内容,高等教育出版社,¥19.40,0条评论,width: 0%;

, /2017-01-01,,人民邮电出版社,¥490.00,0条评论,width: 0%;

马丁, /2012-09-01,,人民邮电,¥36.30,0条评论,width: 0%;

邬江兴, /2017-01-01,,科学出版社,¥133.00,0条评论,width: 0%;

IT架构设计研究组, /2014-04-01,,电子工业出版社,¥78.00,1条评论,width: 0%;

深圳市清华斯维尔软件科技公司, /2004-08-01,,中国建筑工业出版社,¥35.50,0条评论,width: 0%;

不详, /2017-01-01,,电子工业出版社,¥162.00,0条评论,width: 0%;

池娇, /2017-01-01,,电子工业出版社,¥82.50,0条评论,width: 0%;

ArtEyes设计工作室, /2017-12-01,,人民邮电出版社,¥256.00,0条评论,width: 0%;

李明, /2016-03-01,暂时没有内容,北京交通大学出版社,¥23.80,0条评论,width: 0%;

唐晓波, /2008-01-01,,科学出版社,¥25.20,0条评论,width: 0%;

不详, /2017-01-01,,电子工业出版社,¥164.00,0条评论,width: 0%;

ArtEyes设计工作室, /2017-12-01,,人民邮电出版社,¥247.00,0条评论,width: 0%;

布朗, /2004-01-01,本书的目的是帮助个人或团队管理软件开发项目。这是一个不易解决的难题，因为每个项目都有其自身的特征，有许多可变而且确实在变的因素。影响一个项目的三大要素是人员、技术和过程。如果你学会如何管理好它们，你就可能取得成功，不管周围会发生什么情况。 这个工作通常来说是很有趣的，而且我们试图将其中的部分乐趣传递到我们提供的一些项目管理难题的解决方案中。如果你已经是一个项目管理领头人或开发团队的领导者，或者已经将项目管理作为毕生的事业，那么反模式对你将非常适用。 本书既可以作为项目管理的指导教材，又可以作为参考书。从战略角度使用本书将使你避免在软件项目管理过程中重复犯一些经常性的错误，而从战术上它将使你和项目从已有的失误阴影中摆脱出来。,电子工业出版社,¥28.80,0条评论,width: 0%;

韩荣洙, /2012-11-01,这本《iPad革命(改变世界的第三只苹果)》(作者金光铉、林正郁、芮秉一)是关于1Pad引发的生活方式革命以及随之而来的商业革命的叙述。报纸与杂志能生存下去吗？电子书是否会替代纸质书呢？电视机、台式电脑、笔记本电脑、游戏机的未来是什么？像韩国电力那样的通信公司，仅限于向社会提供基础设施服务的时代到来了吗？还是能在新的商业环境中创造出新的收益结构呢？无线电视台和有线电视公司，会把大部分广告市场拱手让给苹果或谷歌的智能电视吗？广播服务会发生什么样的变化呢？那些企业利用像iPad这样的终端机，会向顾客提供什么样的服务呢？纸质教科书会消失吗？将由iPad带来的教育革命会是什么样的呢？,吉林出版集团有限责任公司,¥20.40,5条评论,width: 100%;

张家为, /2012-11-01,,人民邮电出版社,¥98.00,0条评论,width: 0%;

施图本, /2006-07-01,,清华大学出版社,¥55.30,92条评论,width: 90%;

吴涵碧, /2015-01-01,,新世界出版社,¥226.00,0条评论,width: 0%;

, /2017-01-01,,人民邮电出版社,¥510.00,0条评论,width: 0%;

, /2017-01-01,,人民邮电出版社,¥499.00,0条评论,width: 0%;

, /2017-01-01,,人民邮电出版社,¥144.50,0条评论,width: 0%;

罗鸿, /2005-04-01,本书已升级至第四版《ERP原理设计实施（第4版）》,电子工业出版社,¥23.20,0条评论,width: 0%;

吴湖帆, /2017-01-01,,北京工艺美术出版社,¥218.90,0条评论,width: 0%;

池娇, /2017-01-01,,电子工业出版社,¥83.00,0条评论,width: 0%;

池娇, /2017-01-01,,电子工业出版社,¥85.00,0条评论,width: 0%;

阿里研究院, /2015-05-01,,机械工业出版社,¥236.00,3条评论,width: 50%;

池娇, /2017-01-01,,电子工业出版社,¥83.00,0条评论,width: 0%;

不详, /2017-01-01,,电子工业出版社,¥156.00,0条评论,width: 0%;

丁成鹏, /2005-07-01,,兵器工业出版社,¥22.50,7条评论,width: 100%;

亚德利, /2004-01-01,本书讨论的范围很广泛，涉及到信息技术（IT）项目的各个方面。本书的重点是项目中人、过程和技术的重要性，以及它们之间的关系。阅读本书之后，商业发起人能够从IT和商业等方面比较清楚地认识并理解IT项目。通过本书，商业发起人将能够理解项目中的角色，了解如何行使这种角色，以及自己的决策对项目成功交付带来的影响。,机械工业出版社,¥30.80,0条评论,width: 0%;

张伟建, /2011-06-01,,人民军医出版社,¥25.20,0条评论,width: 0%;

张绍博, /2013-04-01,,电子工业出版社,¥58.00,0条评论,width: 0%;

Grady, /2003-08-01,本书直接而全面地讨论了面向对象技术管理人员和开发人员所面临的*关键问题，囊括了Booch先生参与的世界各地几百个面向对象项目的广博经验，通过介绍项目的问题、结论、推荐性做法以及经验性法则等，强调了管理面向对象项目的实践方面。给出了很多真实项目的例子，说明了开发面向对象系统的各种方法。,机械工业出版社,¥30.80,0条评论,width: 0%;

张绍博, /2013-04-01,,电子工业出版社,¥57.00,0条评论,width: 0%;

陈彪, /2017-06-01,,上海科学技术文献出版社,¥70.40,0条评论,width: 0%;

菲利普斯, /2011-01-01,暂时没有内容,机械工业出版社,¥39.50,0条评论,width: 0%;

张友生, /2005-09-01,名家执笔，指导性强——准确把握考试动态，全面体现新大纲精髓！ 问题典型，阐述精壁——覆盖全部重点、难点，彻底解决考试疑难！ 把书读薄，明晰要点——从历年考题浓缩知识点，备考要点一目了然！,电子工业出版社,¥101.10,4条评论,width: 80%;

菲利普斯, /2011-05-01,暂时没有内容,机械工业出版社,¥39.50,2条评论,width: 0%;

菲利普斯, /2005-09-01,"本书对于规划和操控成功的IT项目提出了专家级的建议,细致论述了IT项目管理从开始到结束的整个过程。第2版删改了一些抽象的概念，增加了更具体，更可操作的概念，对整个IT项目管理的阐述更加系统化和完整化。 本书内容:定义项目目标并创建项目章程；建立一个可行的计划并创建优先级列表；确定策略并获得预算资金； 协同管理层工作并确定角色；确定项目花费，包括估算所需的时间；组建项目团队——在利用外部资源的同时，也要评估内部人员技能能； 委派责任并有效管理项目进度表；解决纷争——同时解决项目延误和预算超支问题；跟踪项目进展并进行质量测试；维护领导权威并使团队成员努力取得项目的成功。",机械工业出版社,¥24.40,0条评论,width: 0%;

周玉清, /2002-08-01,企业管理信息化课件是由国内著名的ERP管理软件厂商用友软件股分有限公司组织研发，为高等院校相关专业的教师及学生提供的全方位的教学软件。 《ERP原理与应用》教材作为该课件的重要组成部分，着重介绍了ERP原理、选型实施、应用等内容，特别加入了ERP实务内容的介绍，加深了学生对ERP整体的理解。,机械工业出版社,¥19.00,0条评论,width: 0%;

田雪莹, /2013-09-01,,经济管理出版社,¥34.30,0条评论,width: 0%;

杨立东, /2014-05-01,推荐购买： 玩转电商系统：深入剖析智慧电商平台（大型电商系统一线技术骨干干货分享，深入分析精准化营销、供应链、移动电商、O2O等热门领域，迅速建立电商系统视图！） 大型分布式网站架构设计与实践一线工作经验总结，囊括大型分布式网站所需技术的全貌、架构设计的核心原理与典型案例、常见问题及解决方案，有细节、接地气 设计之下——搜狐新闻客户端的用户体验设计（全彩）（以真实工作场景讲交互设计、视觉设计流程与方法，及设计师要懂的产品、开发、运营、市场，解决设计师遇到的问题以真实工作场景讲交互设计、视觉设计流程与方法，及设计师要懂的产品、开发、运营、市场，解决设计师遇到的问题） 人本游戏--游戏让世界更美好（国内第一本揭秘人人都应该知道的游戏本相的书籍，超,电子工业出版社,¥34.20,0条评论,width: 0%;

刘通, /2014-06-01,,哈尔滨工业大学出版社发行部,¥27.88,0条评论,width: 0%;

王东迪, /2004-08-01,,人民邮电出版社,¥30.40,0条评论,width: 0%;

深深, /2007-01-01,,中国宇航出版社,¥13.50,3条评论,width: 90%;

寿芒利, /2013-11-01,,人民邮电,¥30.03,0条评论,width: 0%;

萨莎, /2012-03-01,编辑推荐 近观15位计算机大师的生平与成就 理解现代计算技术的发展轨迹 谱写自己的智慧人生,人民邮电,¥23.70,0条评论,width: 0%;

Martin, /2013-01-01,推荐组合购买：大数据分析：用互联网思维创造惊人价值（大数据时代必看图书，互联网思维助你洞察取巨大商机，世界**专家20年丰富经验大起底，打通大数据理论与实践的通路） 大数据分析：决胜互联网金融时代（大数据落地实践之作，汇集世界**数据专家思想精华，*高级专家团队精心译著，O'Reilly总经理作序，IBM首席科学家等6位专家联袂推荐） 量化管理是现在企业管理理论中非常热门的管理理论。 作者是量化管理领域公认的专家。 不仅介绍什么是量化管理，还教你如何一步步实践它。,人民邮电出版社,¥29.30,0条评论,width: 0%;

陈中, /2012-06-01,58同城CEO姚劲波、酷讯网CEO张海军、乐淘CEO毕胜、摩卡世界CEO宋啸飞、爱帮网CEO刘建国、拉手网CEO吴波、热酷CEO刘勇、汉王科技董事长刘迎建、UC优视科技CEO俞永福、去哪儿网总裁庄辰超、**商城CEO刘强东、快钱CEO关国光、PPLive创始人姚欣、分众传媒CEO江南春、原新浪CEO、现点击科技董事长王志东、PPS总裁徐伟峰、暴风影音CEO冯鑫…… 晕了不？！全是腕儿！！ 见过一本书汇集这么多腕儿吗？ 现在就让你见见！！ 梦想照进现实——带你听听30位中国互联网企业家的创业故事！,清华大学出版社,¥26.00,111条评论,width: 90%;

孟宁, /2018-07-01,,电子工业出版社,¥48.00,0条评论,width: 0%;

施瓦尔贝, /2004-11-01,IT领域日新月异，而其成千上万的创新中的每一项都源自一个项目。这些项目如果管理得好，可以产生一个新系统，发明一荐新技术，推出一个新产品。《IT项目管理》（原书第2版）涉猎了项目管理9个知识领域，描述了全部5个过程组。在其第1版成功的基础上，第2版与时俱进。,机械工业出版社,¥39.00,46条评论,width: 80%;

周爱民, /2012-06-01,,人民邮电出版社,¥62.10,0条评论,width: 0%;

方其桂, /2016-02-01,1.培训内容与时俱进，不仅有以前的课件制作技术，还有微课等新技术。 2.图解式讲解，文字详尽。 3.内容全面 涵盖教学前、教学中、教学后3大教学环节，细讲11类软件/设备的教学应用方法，提升教师8大信息技术应用能力 4.技术实用 涵盖教学中常用、好用的软件或技术，同时提供105个教学应用实例，有助于教师在短时间内容掌握提供教学效率的有效手段。同时提供本书的配套资源，读者可发邮件至zxxxxjs@163.com获取,人民邮电出版社,¥26.90,0条评论,width: 0%;

叶明, /2004-08-01,,经济科学出版社,¥15.80,1条评论,width: 100%;

张志伟, /2000-07-01,仰首网络的天空，今夜星光灿烂，我们谁不希望蹭身其中，放散出生命的光芒，本书为你解读，雅虎这一颗耀眼的网络明星，究意如何从地平线上升起，直至高居天中，也许，下一颗照亮网络时代的辰星，就是我，就是你。,生活.读书.新知三联书店,¥12.00,0条评论,width: 0%;

曾红卫, /2012-02-01,暂时没有内容,北京理工大学出版社,¥18.90,0条评论,width: 0%;

张志娟, /2014-08-01,,对外经济贸易大学出版社,¥32.60,0条评论,width: 0%;

维尔特, /2009-09-01,暂时没有内容,人民邮电出版社,¥43.20,0条评论,width: 0%;

李艳红, /2018-01-01,暂时没有内容,上海财经大学出版社,¥25.40,0条评论,width: 0%;

王昕, /2013-09-01,,上海交通大学出版社,¥42.50,0条评论,width: 0%;

坎托, /2004-03-01,几乎所有的软件项目都具有风险性，因此，项目经理的目标就是在满足客户需求的同时，采用某种方法来解决成本和进度的不确定性。在本书中，Murray Cantor描述了一种一流的、基于UML的方法来管理面向对象的项目，以保证在预算内准时交付高质量软件。,人民邮电出版社,¥28.80,0条评论,width: 0%;

彭仲昆, /2016-04-01,暂时没有内容,电子工业出版社,¥21.00,0条评论,width: 0%;

吴军, /2014-12-01,一曲理性乐观者的牧歌通俗易懂的世界通史入门读物,人民邮电出版社,¥159.30,1条评论,width: 0%;

王长峰,,,机械工业出版社,¥38.30,67条评论,width: 90%;

许进标, /2004-03-01,Microsoft Project是一个用来管理项目计划的软件。在项目管理过程中，*重要的就是让沟通渠道畅通。Microsoft Project 2002在这一方面做了很大的改进，它可以让管理者及小组成员通过Project Web Access网站来对项目进度与出现的问题进行沟通。这样一来，接受工作的人只要有浏览器，就可以接受分配的工作并及时汇报工作进度。管理者可以坐在计算机前面，轻轻松松地收集资料，并制作出漂亮的报表。,清华大学出版社,¥25.30,2条评论,width: 90%;

Time创作室, /2003-05-01,,人民邮电出版社,¥22.40,0条评论,width: 0%;

徐久成, /2013-09-01,暂时没有内容,科学出版社,¥64.00,0条评论,width: 0%;

韩荣洙, /2012-11-01,,吉林出版集团有限责任公司,¥26.20,0条评论,width: 0%;

沈逸, /2014-10-01,沈逸，毕业于江苏常州工学院，经济管理学出身，CSDN社区之星，《失业的程序员》真实创业经历文章作者。实战派技术和商务相结合的创业中程序员。擅长电子商务平台前期技术架构和商务运营、电子政务领域的项目整体运作，在局部范围内有较为广阔的人脉资源。较为擅长C 、C#，精通PHP前端开发。目前有自己的软件公司，从事软件开发、电子商务和教育培训等工作。在繁忙的工作之余喜欢进行程序人生文字创作，同时担任了上海、江苏等地三家公司合作性质的网站总监和技术顾问一一职。,清华大学出版社,¥25.20,0条评论,width: 0%;

马丘卡, /2007-06-01,,电子工业出版社,¥38.70,2条评论,width: 70%;

刘亚东, /2004-11-01,“兰科图书”是计算机世界传媒集团与世界图书出版公司联合出版品牌。“兰科图书”立足于计算机世界传媒集团丰富的出版资源，发挥跨媒体运营的整合优势，专注IT应用、经济管理和少儿科普等图书领域，尤其以“信息时代的商业思想与管理方法”选题为核心能力，关注本土原创价值，深入研究中国当代经济形态，提供具有独特价值的图书精品。,世界图书出版公司,¥15.00,1条评论,width: 100%;

撒旦斯, /2007-12-01,暂时没有内容,清华大学出版社,¥40.50,0条评论,width: 0%;

陆群, /2003-01-01,,中国青年出版社,¥19.80,0条评论,width: 0%;

方兴东, /2004-01-01,网络股突飚独升，互联网成为全世界的造梦工厂。 网络股一路狂跌，互联网的的光芒似乎一下子黯然失色。 互联网资本市场与实际产业为何会有巨在的差？ 无论媒体对互联网如何评价，也无论你对互联网是爱是恨，都不能改变互联网的残酷面目：互联网本质上是一种创新式摧毁力！它必钭改变整个市场经济社会的游戏规则。 互联网将重新界定商业价值的流向，传统的商业的价值链将重新解构，甚至被颠覆。,北京大学出版社,¥16.50,0条评论,width: 0%;

方向前, /2004-08-01,,中国海关出版社,¥22.80,0条评论,width: 0%;

美.海德曼, /2002-09-01,本书是关于IT Project+认证考试的权威书籍，它概括了考试所涉及的全部内容，是参加该科目考试的必备书。在本书中，你会发现许多关于项目管理概念原理的讨论，比如需求定义；基本概念，项目章程，项目范围文档；项目计划自身的推进；风险评估与管理；以及项目收尾。而且你还会发现一些很难客观考试的内容，例如团队建设和人员管理。正如作者所说，考试是用来检验你对某个概念或结果方面的理论知识，而本书是用来学习考试问答之外所隐含的客观规律。本书适合于项目经理及项目管理人员阅读。,电子工业出版社,¥29.20,1条评论,width: 60%;

韩萍, /2005-06-01,,文化艺术出版社,¥12.40,0条评论,width: 0%;

赵永贤, /2007-12-01,,江苏大学,¥17.00,0条评论,width: 0%;

康斯坦丁, /2002-04-01,,电子工业出版社,¥33.10,0条评论,width: 0%;

斯珀斯凯, /2005-09-01,这是一本关于软件管理的随笔文集。 这是一本无论在任何方面都会让你受益颇多的休闲之作。 它被冠以软件管理方面的“MBA教程”的称号！ 它荣获第15界JOLT大奖！ ——其中精彩，自有体会……,电子工业出版社,¥29.30,0条评论,width: 0%;

郑傲, /2013-04-01,,电子科技大学出版社,¥43.40,15条评论,width: 100%;

坎托, /2004-03-01,几乎所有的软件项目都具有风险性，因此，项目经理的目标就是在满足客户需求的同时，采用某种方法来解决成本和进度的不确定性。在本书中，Murray Cantor描述了一种一流的、基于UML的方法来管理面向对象的项目，以保证在预算内准时交付高质量软件。 Cantor根据他在IBM和TASC公司期间管理主要软件项目的经验，向大家讲述以下内容： 一种历经考验的方法，利用UML工具的优点来克服在大部分项目中遇到的难题，并提交一个优化的面向对象的系统。 在项目计划、风险管理、进度安排、阶段预算等方面，用传统方法来集成基于对象技术的一些技巧。 对如何处理在项目开发过程中出现的重要的“人际关系”问题，提供专家级意见。 真实的开发经历让你直接体会到在几个重要的开发项目中什么是有效的，什么是无效的。 一个全程项目实例，带,人民邮电出版社,¥28.40,0条评论,width: 0%;

张亚勤, /2003-11-01,《中国智慧》一书是微软亚洲研究院全体同仁的智慧结晶，它的主要内容来源于研究院内部刊物的一个栏目——院长话题，这个栏目真实记录了研究院在发展过程中所遇到的问题和思想理念的沉积。我们希望通过此次结集出版，与大家分享在研究院的发展历程中我们获得的一些经验和收获，并与大家一起探讨中国信息产业未来的发展趋势。,电子工业出版社,¥14.60,0条评论,width: 0%;

李鹏, /2018-09-01,,东方出版社,¥42.00,0条评论,width: 0%;

谢耘, /2015-09-01,暂时没有内容,清华大学出版社,¥37.80,0条评论,width: 0%;

施瓦尔贝,,"本书自2002年第l版在中国引进出版以来为项目管理知识体系在中国的普及和发展做出了卓有成效的贡献，产生了很大的影响。第6版采用了**的《项目管理知识体系指南》(第4版)。详细描述了一些新的流程，并提供了许多具体的操作细节和实例，并且体现了PMP考试的**变化。本书是运用9大项目管理知识领域(包括项目集成管理以及范围、时间、成本、质量、人力资源、沟通、风险和采购管理)以及全部5个过程组(包括启动、计划、执行、控制和收尾)的一本经典教科书，为管理IT项目提供了坚实的框架和内容。 本书可供信息管理与信息系统、管理类和信息技术类专业本科生和研究生，项目管理工程硕士与MBA等相关专业学位研究生及管理培训班学员学习参考，也可供IT项目管理人员、软件开发人员及企事业单位的管理人员参考。 ""font-size: medium",机械工业出版社,¥35.40,0条评论,width: 0%;

菲利普斯, /2004-11-01,,机械工业出版社,¥38.70,0条评论,width: 0%;

姜媛媛, /2006-11-01,,冶金工业出版社,¥20.50,0条评论,width: 0%;

坎托, /2004-03-01,循序渐进地指导你走过一个面向对象项目的完整的生命周期 几乎所有的软件项目都具有风险性，因此，项目经理的目标就是在满足客户需求的同时，采用某种方法来解决成本和进度的不确定性。在本书中，Murray Cantor描述了一种一流的、基于UML的方法来管理面向对象的项目，以保证在预算内准时交付高质量软件。 Cantor根据他在IBM和TASC公司期间管理主要软件项目的经验，向大家讲述以下内容： ·一种历经考验的方法，利用UML工具的优点来克服在大部分项目中遇到的难题，并提交一个优化的面向对象的系统。 ·在项目计划、风险管理、进度安排、阶段预算等方面，用传统方法来集成基于对象技术的一些技巧。 ·对如何处理在项目开发过程中出现的重要的“人际关系”问题，提供专家级意见。 ·真实的开发经历让你直接体会到几个重要的开发项目中什么,人民邮电出版社,¥18.00,0条评论,width: 0%;

杨坚争, /2006-06-01,,清华大学出版社,¥18.00,1条评论,width: 80%;

李朝晖, /2004-12-01,本书适用于Project 2000/2002/2003多个版本，是项目管理人员、产品经理、公司管理人员、大专院校经管专业师生，以及微软Project 用户的必备参考书。 本书的特色在于深入运用Project 的功能做到： 项目资源管理、公司财务管理、办公室任务管理、项目时间管理、项目数据管理、公司邮件管理、项目报表处理、项目成本管理、项目控制和动态追踪、项目计划调整和优化、多个项目间的协作、项目信息的共享交流。,中国青年出版社,¥30.80,3条评论,width: 70%;

斯特尔曼, /2006-11-01,暂时没有内容,东南大学出版社,¥28.10,0条评论,width: 0%;

导向科技, /2007-02-01,,人民邮电出版社,¥25.20,5条评论,width: 90%;

谢耘, /2014-06-01,暂时没有内容,清华大学出版社,¥37.20,0条评论,width: 0%;

汤宝兴, /2004-10-01,“兰科图书”是计算机世界传媒集团与世界图书出版公司联合出版品牌。 “兰科图书”立足于计算机世界传媒集团丰富的出版资源，发挥跨媒体运营的整合优势，专注IT应用，经济管理和少儿科普等图书领域，尤其以“信息时代的商业思想与管理方法”选题为核心能力，关注本土原创价值，深入研究中国当代经济形态，提供具有独特价值的图书精品。,世界图书出版公司,¥26.20,0条评论,width: 0%;

朱江, /2012-01-01,,法律出版社,¥31.59,1条评论,width: 0%;

方兴东, /2004-01-01,IT史记，应是一部人的历史，个中人物就其对这个产业的推动作用而言，都无愧于英雄这个称谓，而也正是他们自身的丰富多彩成就了这个产业的波澜壮阔，他们或是以自己的独特创见开产业之风气，或是以石破天惊的发明令整个产业峰回路转，无论*后的结局是不名一文还是真金白银在手，都应在产业历史上为他们浓墨重彩地大书特书。作者将此次为文，称为一次“文明的冒险”，其在体例以及传主选择上的创新，都算得上有益的尝试，值得我们为其击节叫好！,中信出版社,¥14.30,0条评论,width: 0%;

唐晓波, /2008-01-01,暂时没有内容,科学出版社,¥18.50,0条评论,width: 0%;

不详,,暂时没有内容,西安电子科技大学出版社,¥21.00,0条评论,width: 0%;

张绍博, /2013-04-01,,电子工业出版社,¥58.00,0条评论,width: 0%;

綦良群, /2016-02-01,暂时没有内容,科学出版社,¥24.80,0条评论,width: 0%;

何岩, /2008-11-01,,高等教育出版社,¥19.40,0条评论,width: 0%;

卫建伟, /2003-04-01,本书面向的对象Microsoft Project的初中级用户。在内容讲解上采用由浅入深、循序渐进的方式；在内容编写上充分争考虑到初学者的实际阅读需求，通过大量实用的操作指导，使读者一步一步地掌握Microsoft Project 2002各项功能的使用方法。在每章的*后，还附加了思考练习与上机操作，借以巩固所学习的知识。,清华大学出版社,¥22.10,0条评论,width: 0%;

杨立东, /2014-05-01,1、相当简洁、高效的团队管理落地实践方法，IT/互联网团队管理的宝典，用互联网思维打造的技术管理NO.1实战手册。 2、IT/互联网行业15年管理实践 中欧商学院EMBA经历，杨老师手把手教你如何用 微管理 打造高效团队。 3、众多IT/互联网团队管理者强烈推荐，无论你是项目经理、产品经理、程序员、测试员，还是公司高管，本书都有适合你的干货。 4、书中所介绍的 微科普 和 微案例 ，能够直接应用于创业团队、专业化团队、互联网团队，提高团队的工作效率。 书名 微管理 有三层含义：首先，作者一直坚定地认为，不管是什么类型的IT/互联网公司，只要是以知识型员工为主体的业务类型，管理都应该尽量 微小 地占用项目的总工作量；第二，管理的实践活动不能粗线条，应该是细致 入微 的，具体要落实到把结果产出；第三，每一节的设计都含有精简的,电子工业出版社,¥36.00,0条评论,width: 0%;

刘运臣, /2013-10-01,,清华大学出版社发行部,¥50.83,0条评论,width: 0%;

潘卫民, /2017-07-01,暂时没有内容,甘肃文化出版社,¥15.40,0条评论,width: 0%;

汤春蕾, /2013-11-01,创新与变革是人类历史发展的源动力，如何更好地将这种源动力转化为生产力，服务社会；如何利用数据科技构筑产业集群的创新能力，并将其嵌入区域创新系统，进而全面提升国家的全球竞争力，就是当前应讨论的中心议题。 在这本《数据产业》中，作者汤春蕾试图秉承数据科学中一些关键概念来澄清两方面问题：数据产业的本质，以及数据产业集群和现阶段经济社会发展关系的本质，希望能在产业经济领域抛砖引玉。,复旦大学出版社,¥24.20,18条评论,width: 100%;

蔺华, /2011-05-01,暂时没有内容,电子工业出版社,¥28.40,0条评论,width: 0%;

猫咖, /2013-01-01,,机械工业出版社,¥42.80,0条评论,width: 0%;

刘积仁, /2002-09-01,本书在运用现代管理理念对软件项目管理的各个环节进行详细分析的同时，以较大的篇幅叙述了国内外成功软件开发企业的具体做法，并结合管理理论对其进行点评。指导性强。书中所穿插的翔实并富于启发性的案例，本身就是对软件开发项目管理*好的注解。,人民邮电出版社,¥18.80,0条评论,width: 0%;

张真理, /2013-03-01,,知识产权出版社,¥30.00,8条评论,width: 100%;

韦纳, /2002-12-01,本书讲述的是一群来自世界各地，具有奉献精神的软件高手们，利用业余时间，开发一套堪与微软的Windows系统的媲美的“开放”操作系统的故事。作者通过妙趣横生的讲解，向读者介绍了这样一套任何人都可以免费下载使用的操作系统，是如何在程序员中间激起一场平民运动，并在软件产业界引发一场革命的……,上海科技教育出版社,¥20.10,45条评论,width: 90%;

蔡玫, /2013-10-01,暂时没有内容,科学出版社,¥35.80,0条评论,width: 0%;

小凡, /2005-01-01,著名管理学家畅销书《水煮三国》作者成君忆先生诚意推荐！ 这本书是一位市场观察家的奉献！作者小凡用他那尖锐的洞见和狡猾的喜剧笔调，精彩纷呈地实现着一个刻薄而又真诚的主题。 本书是信息时代的商场现形记。记录了这个行业中鲜为人知的种种'暗疾'，为信息时代的职业经理人提供了其他任何管理书都没有介绍的成功锦囊，更是他们避免落入IT黑洞的护身符。同时，书中还采用了图文相映成趣的表现手法，用漫画将文字的幽默讽刺意味进一步推向高潮，亦可谓痛快淋漓。 如需想要了解众多媒体对本书的评论请在搜索引擎上搜索‘歪批IT漫画管理故事’或‘歪批IT漫画’关键字。,清华大学出版社,¥23.50,9条评论,width: 90%;

黄文彬, /2011-01-01,《全国高职高专测绘类专业通用教材：GPS测量技术》可作为高职高专院校水利、测绘类或相关专业教材，也可作为测绘专业的科技人员和从事定位与导航工作的科技人员及高职高专院校相关专业师生的参考书。,中国测绘出版社,¥16.00,0条评论,width: 0%;

彭鹏, /2004-09-01,,企业管理出版社,¥27.50,0条评论,width: 0%;

朱海林, /2006-08-01,本书与您一起探讨IT管理中的流程、人、产品等核心问题，它将帮助您实现从技术到管理的转型！ IT已经成为企业价值链中不可或缺的重要一环。本书围绕国内企业信息化建设管理过程中急需解决的成本和效益、风险和控制等问题，系统地介绍了基于国际标准和代表国际发展趋势的IT管理与控制的整套体系，提供了丰富的管理流程、考核指标、组织结构等参考样例。,机械工业出版社,¥15.90,0条评论,width: 0%;

汪清明, /2004-10-01,,高等教育出版社,¥19.00,0条评论,width: 0%;

郭靓, /2013-01-01,营在微博 运营商观点**书 洞察品牌趋势?推动营销转型?翔实分析案例?系统提供方法 宽广视野，精准分析；实战引导，步步为营——赢在微博！推荐购买：CDN技术详解推荐购买：云计算解码（第2版）推荐购买：定位技术推荐购买：“魔”式为王：赢在移动互联网时代推荐购买：营在微博：企业微博营销实战宝典(全彩精印)推荐购买：面向应用的智能管道关键技术新解推荐购买：大数据——大价值、大机遇、大变革(全彩)推荐购买：SDN核心技术剖析和实战指南推荐购买：构建运营级LTE网络推荐购买：电信级IPRAN实现——面向LTE规模运营的移动基站回传综合承载指引推荐购买：移动互联网环境下的核心网剖析及演进推荐购买：虚拟化技术原理与实现,电子工业出版社,¥42.10,0条评论,width: 0%;

米金升, /2006-09-01,,广西师范大学出版社,¥11.30,14条评论,width: 80%;

施赖伯, /2003-04-01,本书对知识工程和知识管理的整体方法进行了详细介绍，内容涉及知识管理、知识分析和知识工程的全过程。内容全面，讲解透彻，适合信息系统工程以及知识和信息管理领域的技术人员阅读，本书还可以作为信息系统相关专业高年级本科生及研究生的教材。,机械工业出版社,¥30.00,0条评论,width: 0%;

刘胜枝, /2014-08-01,刘胜枝编著的《网络游戏的文化研究》分上下两篇，上篇把网络游戏行业放置在社会这个大背景下进行文化研究，主要介绍了网络游戏发展的历史和现状，并从商业、政府、玩家等不同角度出发，分析了影响网络游戏行业发展面貌的几大力量之间的博奕。下篇是从理论角度进行的学术研究，主要从叙事学、女性主义、话语结构等理论出发对游戏文本、游戏广告、游戏行为及游戏中的价值观念、游戏中的组织、游戏中的社会热点事件等进行了分析。 本书适用于对网络游戏感兴趣的读者及大学生。,北京邮电大学出版社有限公司,¥25.30,17条评论,width: 100%;

高汉中, /2000-01-01,“云”从一开始的虚无缥缈，到现如今随处可见的云平台、云计算，仿佛是一夜之间出现并成长起来的。编辑曾经一度非常迷茫“云”的概念，IT界提出“云”究竟意欲何为？网络上关于“云”有大量的解释和说明，终无法让我对“云”概念产生深入的了解。读了这本《云平台的信息技术：资源丰盛条件下的计算机和网络新工具》，犹如醍醐灌顶，让我喜欢上了这片“云”。 作者论述了在当前的云计算平台下：利用专用异构神经元取代传统的通用电脑，从根本上创立非诺依曼云端计算新体系；利用大一统网络治愈传统网络的遗传病；利用微基站提高高频谱复用率是实现无线通信服务质量与有线通信服务一致。 打破传统理论和技术的束缚，开创云时代新的技术革命，重新找到IT行业新的经济增长点，带领计算机、互联网和通信行业走出目前的困境，是,北京大学出版社,¥20.20,0条评论,width: 0%;

暂无, /2013-01-01,暂时没有内容,北京邮电大学出版社有限公司,¥28.50,0条评论,width: 0%;

哈里斯·科恩, /2003-12-01,全书致力于协助IT组织探寻在客户/服务器环境中的可靠性、有效性和耐用性（RAS）；同时揭示如何构筑***基础设施，强调了网络化计算机技术存在的问题和麻烦，如何从过去的经验中找到解决问题的答案，如何打造面向21世纪的IT组织结构以及如何在网络公司世界中具有竞争优势、立于不败之地等问题。,社会科学文献出版社,¥17.30,0条评论,width: 0%;

刘仲刚, /2017-11-01,本书是 IT项目管理丛书系列书籍之一，对 IT项目采购与合同管理进行了详实的研究，并将理论与实践有机结合，使得该书通俗易懂，每个章节的案例可帮助读者掌握和运用从书中学到的知识和技能，为 IT项目管理的学生和从业者奠定坚实的基础。,北京交通大学出版社,¥27.30,0条评论,width: 0%;

刘胜枝, /2014-08-01,,邮电大学,¥24.00,0条评论,width: 0%;

万明坚, /2004-10-01,《系统战必胜》主要反映的是从1999～2003年上半年的四年时间内，TCL移动通信从无到有、从小到大、从弱到强、从本土竞争到国际化竞争的真实历程和全景写照，体现了万明坚本人及其所率团队杰出的经营管理智慧、体现了万明坚独特的战略思维、以及TCL移动通信独特的企业文化。TCL手机的发展战略和经营案例，对于研究中国企业如何参与真正意义的国际竞争、如何快速成长壮大、越来越多地进入世界企业500强排行榜，提供了一个具有实践价值和借鉴意义的全新的思路。 该书著作者万明坚作为中国最早的通讯学博士之一，在TCL从优秀的技术专家成长为优秀的企业经营管理者，系统战思想是其将理工学科的系统工程理论移植到企业经营管理实践中而得出的一套独具特色的、适合于TCL移动通信成长与发展的理论体系，是其在实践中探索出的一套行之有效的企业经营管,中信出版社，中信出版集团,¥23.60,0条评论,width: 0%;

张骏温, /2011-02-01,暂时没有内容,中国标准出版社,¥16.80,0条评论,width: 0%;

陆群, /2003-01-01,有那么一群人：他们义无反顾地钟情网络，他们日以继夜地穿行于现实与虚拟、东方与西方、精华与糟粕之间，通过他们敏感的十指和锐利的目光，感受来自世界各个角落的电子气息。他们就是网虫。 虽然他们热恋网络的程度有深浅，使用网络的水平有高低，但他们以自己的热情拥抱网络。,中国青年出版社,¥17.30,1条评论,width: 100%;

彭力扬, /2005-10-01,本书特色： 结合项目管理知识，介绍Project 2003操作方法及重要知识点；以实用为主导，以实例制作分析为主线，涵盖各种项目管理方面的内容；系统分析项目管理中的实际问题，给出具体的规划思路与解决方案。 本书主要内容：项目管理的基本知识，创建项目计划，建立项目中各任务之间的关系，企业资源管理，企业任务管理，企业项目数据管理，定制Project 2003项目环境，企业财务管理，企业网络管理系统报表。,清华大学出版社,¥22.10,1条评论,width: 80%;

梁刚, /2016-09-01,暂时没有内容,北京邮电大学出版社有限公司,¥35.10,0条评论,width: 0%;

张真理, /2013-03-01,,国家知识产权局知识产权出版社,¥30.40,0条评论,width: 0%;

崔华强, /2012-04-01,崔华强编著的《网络隐私权利保护之国际私法研究(1952-2012)》是一本从国际私法的角度对网络隐私权利进行研究的学术著作。该书研究的重点是在国际私法视域下，从概念法和实证法角度，深入解析互联网络隐私权利保护的法律关系，完善相关的管辖权规则和法律选择规则，为我国网络隐私权利保护之法律构建提供基本框架。,法律出版社,¥20.25,1条评论,width: 0%;

曹亚波, /2016-04-01,在充满变数的项目中，谁能做到运筹帷幄？在荆棘满布的职场中，处在焦点的你能否激流勇进？这是一本写给新、老项目经理的书。它道出控制项目的真谛，助你认知自己，认知你的项目。,电子工业出版社,¥32.90,0条评论,width: 0%;

赵杰, /2005-01-01,,清华大学出版社,¥22.90,11条评论,width: 90%;

AUTHOR, /2014-01-01,,清华大学出版社,¥25.20,0条评论,width: 0%;

贺利坚, /2014-04-01,编辑推荐 如果不是感到迷茫，就不知道突破 如果不是克服迷茫的过程，就找不到自信 CSDN人气专栏“IT学子成长指导”作者倾情奉献,人民邮电出版社发行部,¥38.20,0条评论,width: 0%;

程大伟, /2012-02-01,,电子工业出版社,¥33.20,0条评论,width: 0%;

谢耘, /2014-04-01,暂时没有内容,清华大学出版社,¥23.40,0条评论,width: 0%;

施瓦尔贝, /2004-11-01,IT领域日新月异，而其成千上万的创新中的每一项都源自一个项目。这些项目如果管理得好，可以产生一个新系统，发明一荐新技术，推出一个新产品。《IT项目管理》（原书第2版）涉猎了项目管理9个知识领域，描述了全部5个过程组。在其第1版成功的基础上，第2版与时俱进。,机械工业出版社,¥31.20,0条评论,width: 0%;

宁书林, /2009-08-01,暂时没有内容,北京理工大学出版社,¥25.40,0条评论,width: 0%;

周苏, /2004-06-01,,科学出版社,¥22.40,0条评论,width: 0%;

斯塔特米勒, /2007-04-01,,清华大学出版社,¥34.20,50条评论,width: 80%;

麦克.科尔, /2016-06-01,导语_点评_推荐词,清华大学出版社,¥31.50,0条评论,width: 0%;

李婷, /2013-12-16,,电子工业出版社,¥49.50,0条评论,width: 0%;

